SALE TYPE,SOLD DATE,PROPERTY TYPE,ADDRESS,CITY,STATE OR PROVINCE,ZIP OR POSTAL CODE,PRICE,BEDS,BATHS,LOCATION,SQUARE FEET,LOT SIZE,YEAR BUILT,DAYS ON MARKET,$/SQUARE FEET,HOA/MONTH,STATUS,NEXT OPEN HOUSE START TIME,NEXT OPEN HOUSE END TIME,URL (SEE https://www.redfin.com/buy-a-home/comparative-market-analysis FOR INFO ON PRICING),SOURCE,MLS#,FAVORITE,INTERESTED,LATITUDE,LONGITUDE
MLS Listing,,Single Family Residential,7983 E Boulevard Dr,Alexandria,VA,22308,45000000,7,10.0,EAST BOULEVARD DRIVE PRO,25500,435600,2023,133,1765,,Active,,,https://www.redfin.com/VA/Alexandria/7983-E-Boulevard-Dr-22308/home/40016373,BRIGHT MLS,VAFX2044570,N,Y,38.739577,-77.045973
MLS Listing,,Single Family Residential,601 & 607 Oronoco St,Alexandria,VA,22314,5400000,6,5.0,OLD TOWN,8145,21153,1795,266,663,,Active,,,https://www.redfin.com/VA/Alexandria/601-Oronoco-St-22314/home/166881988,BRIGHT MLS,VAAX2003726,N,Y,38.809834,-77.0449919
MLS Listing,,Vacant Land,7987 E Boulevard Dr,Alexandria,VA,22308,4000000,,,EAST BOULEVARD DRIVE PRO,,114998,,133,,,Active,,,https://www.redfin.com/VA/Alexandria/7987-E-Boulevard-Dr-22308/home/40016333,BRIGHT MLS,VAFX2044500,N,Y,38.739986,-77.043926
MLS Listing,,Townhouse,2 Wolfe St,Alexandria,VA,22314,3995000,3,4.0,WATERFORD,4685,,1993,67,853,1367,Active,,,https://www.redfin.com/VA/Alexandria/2-Wolfe-St-22314/home/11872506,BRIGHT MLS,VAAX2011068,N,Y,38.8005711,-77.0400975
MLS Listing,,Single Family Residential,4736 Neptune Dr,Alexandria,VA,22309,3650000,4,5.0,YACHT HAVEN ESTATES,5602,21972,2010,119,652,,Contingent,,,https://www.redfin.com/VA/Alexandria/4736-Neptune-Dr-22309/home/9827139,BRIGHT MLS,VAFX2047100,N,Y,38.6997428,-77.1166505
MLS Listing,,Vacant Land,7997 E Boulevard Dr,Alexandria,VA,22308,3500000,,,EAST BOULEVARD DRIVE PRO,,73180,,133,,,Active,,,https://www.redfin.com/VA/Alexandria/7997-E-Boulevard-Dr-22308/home/40016332,BRIGHT MLS,VAFX2044510,N,Y,38.739543,-77.044287
PAST SALE,,Condo/Co-op,601 N Fairfax St #513,Alexandria,VA,22314,3450000,3,2.5,THE ORONOCO,3035,,2014,66,1137,2100,Pending,,,https://www.redfin.com/VA/Alexandria/601-N-Fairfax-St-22314/unit-513/home/101387814,BRIGHT MLS,VAAX2009930,N,Y,38.8108276,-77.0407047
MLS Listing,,Single Family Residential,9307 Ludgate,Alexandria,VA,22309,3250000,6,6.5,WYCLIFFE ON THE POTOMAC,5590,105654,2021,229,581,,Contingent,,,https://www.redfin.com/VA/Alexandria/9307-Ludgate-Dr-22309/home/59459377,BRIGHT MLS,VAFX2026722,N,Y,38.7033038,-77.0942854
MLS Listing,,Single Family Residential,410 Prince St,Alexandria,VA,22314,3195000,4,3.5,OLD TOWN,4122,3116,1800,18,775,,Contingent,,,https://www.redfin.com/VA/Alexandria/410-Prince-St-22314/home/11864012,BRIGHT MLS,VAAX2013308,N,Y,38.8033875,-77.0444154
MLS Listing,,Townhouse,19 Pioneer Mill Way,Alexandria,VA,22314,3095000,4,4.5,ROBINSON TERMINAL SOUTH,3045,1121,2018,32,1016,410,Active,,,https://www.redfin.com/VA/Alexandria/19-Pioneer-Mill-Way-22314/home/113546811,BRIGHT MLS,VAAX2012126,N,Y,38.8015323,-77.0404296
MLS Listing,,Single Family Residential,504 Richards Ln,Alexandria,VA,22302,2995000,5,7.0,WINDSOR OAKS,5852,9423,1978,26,512,50,Active,,,https://www.redfin.com/VA/Alexandria/504-Richards-Ln-22302/home/11859322,BRIGHT MLS,VAAX2012808,N,Y,38.8234498,-77.0699151
MLS Listing,,Townhouse,126 S Fairfax St,Alexandria,VA,22314,2850000,9,5.0,OLD TOWN,6974,3606,1800,259,409,,Active,,,https://www.redfin.com/VA/Alexandria/126-S-Fairfax-St-22314/home/11866190,BRIGHT MLS,VAAX2004044,N,Y,38.8036478,-77.0426239
MLS Listing,,Single Family Residential,7812 Southdown Rd,Alexandria,VA,22308,2750000,7,5.5,WELLINGTON,7035,21780,2007,18,391,,Active,,,https://www.redfin.com/VA/Alexandria/7812-Southdown-Rd-22308/home/9818433,BRIGHT MLS,VAFX2070320,N,Y,38.7458477,-77.0462145
MLS Listing,,Vacant Land,6455 6th St,Alexandria,VA,22312,2700000,,,WEYANOKE,,64468,,429,,,Active,,,https://www.redfin.com/VA/Alexandria/6455-6th-St-22312/home/9724091,BRIGHT MLS,VAFX1189082,N,Y,38.815783,-77.155614
MLS Listing,,Vacant Land,,Alexandria,VA,22306,2600000,,,GUM SPRINGS,,21344,,751,,,Contingent,,,https://www.redfin.com/VA/Alexandria/Undisclosed-address-22306/home/17114420,BRIGHT MLS,VAFX1128736,N,Y,38.7418051,-77.0851584
MLS Listing,,Single Family Residential,417 N Washington St,Alexandria,VA,22314,2575000,5,3.5,ALEXANDRIA,3616,3395,1907,10,712,,Active,,,https://www.redfin.com/VA/Alexandria/417-N-Washington-St-22314/home/108528768,BRIGHT MLS,VAAX2013384,N,Y,38.8090144,-77.0458545
PAST SALE,,Condo/Co-op,1201 N Royal St #602,Alexandria,VA,22314,2560000,2,3.5,Alexandria,2469,,2021,50,1037,2252,Pending,,,https://www.redfin.com/VA/Alexandria/1201-N-Royal-St-22314/unit-602/home/173686029,BRIGHT MLS,VAAX253106,N,Y,38.8174228,-77.0403898
MLS Listing,,Single Family Residential,5915 Dawes Ave,Alexandria,VA,22311,2500000,3,3.0,HOLMES RUN,2648,125762,1925,83,944,,Active,,,https://www.redfin.com/VA/Alexandria/5915-Dawes-Ave-22311/home/9652846,BRIGHT MLS,VAFX2055398,N,Y,38.8337494,-77.1346969
MLS Listing,,Vacant Land,7993 E Boulevard Dr,Alexandria,VA,22308,2500000,,,EAST BOULEVARD DRIVE PRO,,144212,,133,,,Active,,,https://www.redfin.com/VA/Alexandria/7993-E-Boulevard-Dr-22308/home/40014551,BRIGHT MLS,VAFX2044512,N,Y,38.738979,-77.045946
MLS Listing,,Single Family Residential,1011 N Washington St,Alexandria,VA,22314,2495000,5,4.5,LIBERTY ROW,6000,,2004,278,416,777,Active,,,https://www.redfin.com/VA/Alexandria/1011-N-Washington-St-22314/home/11879538,BRIGHT MLS,VAAX2003304,N,Y,38.7946923,-77.0493601
MLS Listing,,Single Family Residential,3113 Circle Hill Rd,Alexandria,VA,22305,2450000,6,5.5,BEVERLY HILLS,4982,14058,2022,31,492,,Active,,,https://www.redfin.com/VA/Alexandria/3113-Circle-Hill-Rd-22305/home/11849126,BRIGHT MLS,VAAX2012612,N,Y,38.8332089,-77.0709494
MLS Listing,,Townhouse,512 Pendleton St,Alexandria,VA,22314,2349900,4,4.5,OLD TOWN ALEXANDRIA,3950,2069,2018,25,595,,Active,,,https://www.redfin.com/VA/Alexandria/512-Pendleton-St-22314/home/11841735,BRIGHT MLS,VAAX2012838,N,Y,38.8103502,-77.0441455
PAST SALE,,Condo/Co-op,1201 N Royal St #707,Alexandria,VA,22314,2234000,2,2.5,Alexandria,1960,,2021,219,1140,1712,Pending,,,https://www.redfin.com/VA/Alexandria/1201-N-Royal-St-22314/unit-707/home/174163409,BRIGHT MLS,VAAX255014,N,Y,38.8174228,-77.0403898
PAST SALE,April-25-2013,Townhouse,611 Cameron St,Alexandria,VA,22314,2200000,5,4.5,OLD TOWN,4231,6000,1780,11,520,,Pending,,,https://www.redfin.com/VA/Alexandria/611-Cameron-St-22314/home/11841531,BRIGHT MLS,VAAX2012044,N,Y,38.8062723,-77.0461246
PAST SALE,,Condo/Co-op,1201 N Royal St #507,Alexandria,VA,22314,2076000,2,2.5,Alexandria,1730,,2022,295,1200,1587,Pending,,,https://www.redfin.com/VA/Alexandria/1201-N-Royal-St-22314/unit-507/home/175225201,BRIGHT MLS,VAAX260474,N,Y,38.8174228,-77.0403898
MLS Listing,,Condo/Co-op,10 Bakers Walk #401,Alexandria,VA,22314,2049000,2,2.5,ROBINSON TERMINAL SOUTH,1785,,2020,25,1148,1484,Active,,,https://www.redfin.com/VA/Alexandria/10-Bakers-Walk-22314/unit-401/home/175716416,BRIGHT MLS,VAAX2012958,N,Y,38.8009588,-77.0403208
MLS Listing,,Single Family Residential,4900 Birch Ln,Alexandria,VA,22312,2000000,6,8.0,BRADDOCK ACRES,7767,21781,2010,74,257,,Active,,,https://www.redfin.com/VA/Alexandria/4900-Birch-Ln-22312/home/9722024,BRIGHT MLS,VAFX2057314,N,Y,38.8181209,-77.1753418
PAST SALE,August-15-2014,Single Family Residential,820 Rapidan Ct,Alexandria,VA,22304,1999900,4,4.5,MOORE HILL ESTATES,5428,43561,1979,7,368,,Pending,,,https://www.redfin.com/VA/Alexandria/820-Rapidan-Ct-22304/home/11853890,BRIGHT MLS,VAAX2013364,N,Y,38.8230146,-77.1139534
PAST SALE,June-9-2021,Single Family Residential,2402 Burke Ave,Alexandria,VA,22301,1995000,6,4.5,DEL RAY,3016,6050,1935,1,661,,Pending,,,https://www.redfin.com/VA/Alexandria/2402-Burke-Ave-22301/home/11844577,BRIGHT MLS,VAAX2012452,N,Y,38.8274293,-77.0538154
PAST SALE,,Condo/Co-op,1201 N Royal St #501,Alexandria,VA,22314,1991000,2,2.5,Alexandria,1694,,2021,135,1175,1577,Pending,,,https://www.redfin.com/VA/Alexandria/1201-N-Royal-St-22314/unit-501/home/174163296,BRIGHT MLS,VAAX255012,N,Y,38.8174228,-77.0403898
MLS Listing,,Condo/Co-op,1201 N Royal St #601,Alexandria,VA,22314,1986000,2,2.5,Alexandria,1694,,2022,290,1172,1577,Active,,,https://www.redfin.com/VA/Alexandria/1201-N-Royal-St-22314/unit-601/home/176164224,BRIGHT MLS,VAAX2002916,N,Y,38.8174228,-77.0403898
PAST SALE,June-29-2007,Single Family Residential,1102 Vassar Rd,Alexandria,VA,22314,1975000,5,4.5,COLLEGE PARK,4200,12060,1954,66,470,,Pending,,,https://www.redfin.com/VA/Alexandria/1102-Vassar-Rd-22314/home/11851345,BRIGHT MLS,VAAX253722,N,Y,38.8130442,-77.0831765
MLS Listing,,Condo/Co-op,1201 N Royal St #103,Alexandria,VA,22314,1943000,2,2.5,Alexandria,1715,,2022,40,1133,1587,Active,,,https://www.redfin.com/VA/Alexandria/1201-N-Royal-St-22314/unit-103/home/179231422,BRIGHT MLS,VAAX2012308,N,Y,38.8174228,-77.0403898
New Construction Plan,,Condo/Co-op,Residence D4,Alexandria,VA,22314,1912000,2,2.5,Muse Old Town,1863,,,,1026,,Active,,,https://www.redfin.com/VA/Alexandria/Muse-Old-Town/Residence-D4/home/174327239,NewHomeSource.com,Plan-191825657,N,Y,38.816544,-77.0396838
MLS Listing,,Single Family Residential,1904 Mallinson Way,Alexandria,VA,22308,1899999,4,5.0,GRAND VIEW,5461,22372,2002,67,348,42,Active,,,https://www.redfin.com/VA/Alexandria/1904-Mallinson-Way-22308/home/9836502,BRIGHT MLS,VAFX2055202,N,Y,38.711552,-77.0631472
MLS Listing,,Condo/Co-op,310 Strand St #408,Alexandria,VA,22314,1895000,2,2.0,ROBINSON LANDING,1450,,2020,66,1307,1241,Active,,,https://www.redfin.com/VA/Alexandria/310-Strand-St-22314/unit-408/home/175716398,BRIGHT MLS,VAAX2011266,N,Y,38.8023394,-77.0400275
MLS Listing,,Townhouse,730 Battery Pl,Alexandria,VA,22314,1870000,3,3.0,FORDS LANDING,2660,1262,1997,127,703,241,Contingent,,,https://www.redfin.com/VA/Alexandria/730-Battery-Pl-22314/home/11873135,BRIGHT MLS,VAAX2007424,N,Y,38.7965375,-77.041402
MLS Listing,,Single Family Residential,407 Woodland Ter,Alexandria,VA,22302,1850000,5,3.5,JEFFERSON PARK,4118,16789,1940,46,449,,Contingent,,,https://www.redfin.com/VA/Alexandria/407-Woodland-Ter-22302/home/11848545,BRIGHT MLS,VAAX2010610,N,Y,38.8258864,-77.0712192
MLS Listing,,Condo/Co-op,22 Bakers Walk #406,Alexandria,VA,22314,1845000,2,2.0,ROBINSON LANDING,1355,,2020,66,1362,1151,Active,,,https://www.redfin.com/VA/Alexandria/631-King-St-22314/unit-406/home/175716421,BRIGHT MLS,VAAX2010430,N,Y,38.8052022,-77.0467076
MLS Listing,,Townhouse,601 N Alfred St,Alexandria,VA,22314,1799000,4,4.5,PARKER GRAY,2548,1960,2022,68,706,,Active,,,https://www.redfin.com/VA/Alexandria/601-N-Alfred-St-22314/home/175041451,BRIGHT MLS,VAAX2007944,N,Y,38.8110443,-77.0480083
PAST SALE,June-18-2010,Single Family Residential,8643 Mount Vernon Hwy,Alexandria,VA,22309,1750000,4,4.5,WOODLAND PARK,5921,35896,2008,16,296,,Pending,,,https://www.redfin.com/VA/Alexandria/8643-Mount-Vernon-Hwy-22309/home/17111317,BRIGHT MLS,VAFX2057692,N,Y,38.7220067,-77.0894747
PAST SALE,January-18-2017,Multi-Family (2-4 Unit),1000 Prince St,Alexandria,VA,22314,1749999,,,Alexandria,1892,1408,1880,1,925,,Pending,,,https://www.redfin.com/VA/Alexandria/1000-Prince-St-22314/home/11840093,BRIGHT MLS,VAAX2008054,N,Y,38.8042752,-77.0506973
PAST SALE,June-19-2015,Multi-Family (2-4 Unit),313 E Monroe Ave,Alexandria,VA,22301,1749999,,,DEL RAY,2618,7600,1925,112,668,,Pending,,,https://www.redfin.com/VA/Alexandria/313-E-Monroe-Ave-22301/home/55740487,BRIGHT MLS,VAAX2008062,N,Y,38.8204997,-77.0565138
MLS Listing,,Single Family Residential,305 Cambridge Rd,Alexandria,VA,22314,1720000,4,4.5,CLOVER,3363,8000,1948,24,511,,Contingent,,,https://www.redfin.com/VA/Alexandria/305-Cambridge-Rd-22314/home/11850983,BRIGHT MLS,VAAX2011714,N,Y,38.8117972,-77.0812241
MLS Listing,,Townhouse,812 Prince St,Alexandria,VA,22314,1700000,5,4.0,FARNEY,2494,2042,1830,219,682,,Active,,,https://www.redfin.com/VA/Alexandria/812-Prince-St-22314/home/11840789,BRIGHT MLS,VAAX2005140,N,Y,38.8040335,-77.049093
PAST SALE,June-27-2007,Townhouse,308 N Pitt St,Alexandria,VA,22314,1700000,3,3.5,OLD TOWN,2651,1996,1967,2,641,,Pending,,,https://www.redfin.com/VA/Alexandria/308-N-Pitt-St-22314/home/11841656,BRIGHT MLS,VAAX2013534,N,Y,38.807487,-77.0444154
MLS Listing,,Single Family Residential,219 Woodland Ter,Alexandria,VA,22302,1700000,4,3.5,JEFFERSON PARK,3633,8510,1940,,468,,Active,,,https://www.redfin.com/VA/Alexandria/219-Woodland-Ter-22302/home/11848533,BRIGHT MLS,VAAX2004728,N,Y,38.8270253,-77.0684761
PAST SALE,November-27-2007,Single Family Residential,505 Allison,Alexandria,VA,22302,1699900,5,3.5,MONTICELLO PARK,3246,8058,1953,44,524,,Pending,,,https://www.redfin.com/VA/Alexandria/505-Allison-St-22302/home/11848938,BRIGHT MLS,VAAX2012020,N,Y,38.832479,-77.0728605
PAST SALE,September-29-1997,Single Family Residential,114 N Payne St,Alexandria,VA,22314,1699000,4,2.5,OLD TOWN ALEXANDRIA,2412,3137,1870,4,704,,Pending,,,https://www.redfin.com/VA/Alexandria/114-N-Payne-St-22314/home/11861960,BRIGHT MLS,VAAX2013236,N,Y,38.8065582,-77.0536805
PAST SALE,December-10-2019,Townhouse,603 N Alfred St,Alexandria,VA,22314,1699000,4,4.5,PARKER GRAY,2456,3920,2022,18,692,,Pending,,,https://www.redfin.com/VA/Alexandria/603-N-Alfred-St-22314/home/11841020,BRIGHT MLS,VAAX2007962,N,Y,38.8111513,-77.0476987
MLS Listing,,Single Family Residential,7859 Southdown Rd,Alexandria,VA,22308,1690000,4,4.5,WELLINGTON,4498,19319,1999,33,376,,Active,,,https://www.redfin.com/VA/Fort-Hunt/7859-Southdown-Rd-22308/home/9818421,BRIGHT MLS,VAFX2067038,N,Y,38.7454844,-77.0476375
MLS Listing,,Single Family Residential,622 Kings Cloister Cir,Alexandria,VA,22302,1680000,5,4.5,KING'S CLOISTER,5386,10462,2002,25,312,160,Contingent,,,https://www.redfin.com/VA/Alexandria/622-Kings-Cloister-Cir-22302/home/11873986,BRIGHT MLS,VAAX2012948,N,Y,38.8154026,-77.0760981
MLS Listing,,Condo/Co-op,312 S Washington St #602,Alexandria,VA,22314,1675000,3,2.0,OLD TOWN ALEXANDRIA,1694,,2021,189,989,605,Active,,,https://www.redfin.com/VA/Alexandria/312-S-Washington-St-22314/unit-602/home/177360955,BRIGHT MLS,VAAX2005890,N,Y,38.8022764,-77.0472265
MLS Listing,,Condo/Co-op,16 Bakers Walk #304,Alexandria,VA,22314,1655000,2,2.0,ROBINSON TERMINAL SOUTH,1510,,2020,37,1096,1277,Active,,,https://www.redfin.com/VA/Alexandria/16-Bakers-Walk-22314/unit-304/home/175716412,BRIGHT MLS,VAAX2012428,N,Y,38.8009888,-77.0405383
MLS Listing,,Single Family Residential,3808 Woodley Dr,Alexandria,VA,22309,1650000,4,6.5,WOODLEY HILLS,5458,31280,2022,69,302,,Active,,,https://www.redfin.com/VA/Alexandria/3808-Woodley-Dr-22309/home/9815403,BRIGHT MLS,VAFX2049512,N,Y,38.7238625,-77.0985115
MLS Listing,,Single Family Residential,3908 S Woodley Dr S,Alexandria,VA,22309,1645000,5,5.0,WOODLEY HILLS,5429,21784,2022,5,303,,Active,,,https://www.redfin.com/VA/Alexandria/3908-Woodley-Dr-22309/home/9815405,BRIGHT MLS,VAFX2072052,N,Y,38.7240284,-77.0996355
PAST SALE,August-28-1992,Single Family Residential,8629 Fort Hunt Rd,Alexandria,VA,22308,1625000,4,4.5,PLYMOUTH HAVEN,4612,24299,2022,39,352,,Pending,,,https://www.redfin.com/VA/Alexandria/8629-Fort-Hunt-Rd-22308/home/9820011,BRIGHT MLS,VAFX2059744,N,Y,38.7224181,-77.060269
PAST SALE,,Townhouse,1109 Abingdon Dr,Alexandria,VA,22314,1614900,3,4.0,Alexandria,2435,,2020,33,663,225,Pending,,,https://www.redfin.com/VA/Alexandria/1109-E-Abingdon-Dr-22314/home/175151477,BRIGHT MLS,VAAX2002566,N,Y,38.8167774,-77.0435673
PAST SALE,,Vacant Land,7711 Beulah St,Alexandria,VA,22315,1600000,,,POTTERS HILL,,108900,,133,,,Pending,,,https://www.redfin.com/VA/Alexandria/7711-Beulah-St-22315/home/162676051,BRIGHT MLS,VAFX2034388,N,Y,38.747821,-77.166505
PAST SALE,April-29-2014,Single Family Residential,6000 Edgewood Ln,Alexandria,VA,22310,1600000,6,6.5,WALHAVEN,7500,25526,2010,7,213,,Pending,,,https://www.redfin.com/VA/Alexandria/6000-Edgewood-Ln-22310/home/9782623,BRIGHT MLS,VAFX2051264,N,Y,38.7779714,-77.1419102
MLS Listing,,Single Family Residential,7215 Regent Dr,Alexandria,VA,22307,1600000,5,3.0,VILLAMAY,3437,,1959,9,466,,Active,,,https://www.redfin.com/VA/Alexandria/7215-Regent-Dr-22307/home/9796343,BRIGHT MLS,VAFX2073104,N,Y,38.7594709,-77.0511169
PAST SALE,February-26-2002,Single Family Residential,2907 Maplewood Pl,Alexandria,VA,22302,1600000,5,4.5,BRADDOCK HEIGHTS,3240,10712,1959,24,494,,Pending,,,https://www.redfin.com/VA/Alexandria/2907-Maplewood-Pl-22302/home/11852097,BRIGHT MLS,VAAX2011946,N,Y,38.8312457,-77.0783464
MLS Listing,,Single Family Residential,1600 Collingwood Rd,Alexandria,VA,22308,1599990,5,5.5,NEAR SNOWDEN,6008,21780,2022,,266,,Active,,,https://www.redfin.com/VA/Alexandria/1600-Collingwood-Rd-22308/home/161050555,BRIGHT MLS,VAFX2071950,N,Y,38.7347616,-77.0598193
PAST SALE,September-3-2019,Townhouse,2106 Main Line Blvd,Alexandria,VA,22301,1599000,5,4.5,DEL RAY,3734,1779,2014,20,428,100,Pending,,,https://www.redfin.com/VA/Alexandria/2106-Main-Line-Blvd-22301/home/49794583,BRIGHT MLS,VAAX2011762,N,Y,38.8256536,-77.0494528
PAST SALE,December-13-2002,Single Family Residential,6028 Grove Dr,Alexandria,VA,22307,1599000,5,3.5,BELLE HAVEN,4432,10500,1940,1,361,,Pending,,,https://www.redfin.com/VA/Alexandria/6028-Grove-Dr-22307/home/9762048,BRIGHT MLS,VAFX2063730,N,Y,38.7872032,-77.0649685
MLS Listing,,Single Family Residential,7905 Bolling Dr,Alexandria,VA,22308,1595000,5,3.5,WELLINGTON,4296,34887,1956,4,371,,Active,,,https://www.redfin.com/VA/Alexandria/7905-Bolling-Dr-22308/home/9818332,BRIGHT MLS,VAFX2072722,N,Y,38.7440199,-77.0521513
PAST SALE,,Condo/Co-op,310 Strand St #208,Alexandria,VA,22314,1595000,2,2.0,ROBINSON LANDING,1485,,2020,6,1074,1241,Pending,,,https://www.redfin.com/VA/Alexandria/310-Strand-St-22314/unit-208/home/175716385,BRIGHT MLS,VAAX2009568,N,Y,38.8023394,-77.0400275
MLS Listing,,Condo/Co-op,10 Baker's Walk #402,Alexandria,VA,22314,1595000,2,2.0,ROBINSON LANDING,1395,,2020,320,1143,1198,Active,,,https://www.redfin.com/VA/Alexandria/10-Bakers-Walk-22314/unit-402/home/175716417,BRIGHT MLS,VAAX2001704,N,Y,38.8009588,-77.0403208
PAST SALE,April-9-2008,Single Family Residential,505 W Windsor Ave,Alexandria,VA,22302,1595000,4,4.0,JEFFERSON PARK,4301,12500,1950,5,371,,Pending,,,https://www.redfin.com/VA/Alexandria/505-W-Windsor-Ave-22302/home/11848635,BRIGHT MLS,VAAX2013168,N,Y,38.8240807,-77.0710618
PAST SALE,September-29-2005,Townhouse,120 S Lee St,Alexandria,VA,22314,1575000,3,3.0,OLD TOWN ALEXANDRIA,2446,1338,1790,2,644,,Pending,,,https://www.redfin.com/VA/Alexandria/120-S-Lee-St-22314/home/11842734,BRIGHT MLS,VAAX2013658,N,Y,38.8034609,-77.0414918
MLS Listing,,Single Family Residential,3600 South Pl #1,Alexandria,VA,22309,1575000,4,3.0,THE COURTS AT MOUNT VERN,5904,,1974,31,267,600,Active,,,https://www.redfin.com/VA/Alexandria/3600-South-Pl-22309/unit-1/home/9826718,BRIGHT MLS,VAFX2065978,N,Y,38.7171341,-77.0949749
PAST SALE,,Townhouse,621 Second St,Alexandria,VA,22314,1573760,3,4.0,Alexandria,2412,,2021,56,652,225,Pending,,,https://www.redfin.com/VA/Alexandria/621-2nd-St-22314/home/176717698,BRIGHT MLS,VAAX2000305,N,Y,38.8162947,-77.0435084
PAST SALE,,Townhouse,1107 Abingdon Dr,Alexandria,VA,22314,1554900,3,4.0,Alexandria,2435,,2020,50,639,225,Pending,,,https://www.redfin.com/VA/Alexandria/1107-E-Abingdon-Dr-22314/home/175522943,BRIGHT MLS,VAAX2000412,N,Y,38.8167368,-77.0435705
PAST SALE,,Townhouse,625 Second St,Alexandria,VA,22314,1553600,3,4.0,Alexandria,2412,,2021,97,644,225,Pending,,,https://www.redfin.com/VA/Alexandria/625-2nd-St-22314/home/176374633,BRIGHT MLS,VAAX2003808,N,Y,38.8162964,-77.043522
PAST SALE,November-16-2017,Single Family Residential,2806 Valley Dr,Alexandria,VA,22302,1550000,5,4.5,DYES OAKCREST,4400,8692,1955,46,352,,Pending,,,https://www.redfin.com/VA/Alexandria/2806-Valley-Dr-22302/home/11851921,BRIGHT MLS,VAAX2011462,N,Y,38.829943,-77.0798077
PAST SALE,,Townhouse,623 Second St,Alexandria,VA,22314,1543245,3,4.0,Alexandria,2412,,2021,68,640,225,Pending,,,https://www.redfin.com/VA/Alexandria/623-2nd-St-22314/home/175522845,BRIGHT MLS,VAAX2000327,N,Y,38.8162956,-77.0435152
MLS Listing,,Condo/Co-op,1201 N Royal St #208,Alexandria,VA,22314,1505000,2,2.0,Alexandria,1593,,2022,510,945,1442,Active,,,https://www.redfin.com/VA/Alexandria/1201-N-Royal-St-22314/unit-208/home/174159909,BRIGHT MLS,VAAX254988,N,Y,38.8174228,-77.0403898
MLS Listing,,Single Family Residential,113 E Maple St,Alexandria,VA,22301,1500000,4,3.5,ROSEMONT PARK,2874,4600,1918,5,522,,Active,,,https://www.redfin.com/VA/Alexandria/113-E-Maple-St-22301/home/11843476,BRIGHT MLS,VAAX2013086,N,Y,38.8115588,-77.0574133
MLS Listing,,Vacant Land,7150 Telegraph Rd,Alexandria,VA,22315,1500000,,,NEAR HAYFIELD,,122404,,287,,,Active,,,https://www.redfin.com/VA/Alexandria/7150-Telegraph-Rd-22315/home/9786682,BRIGHT MLS,VAFX2017348,N,Y,38.7622154,-77.1324497
MLS Listing,,Single Family Residential,209 Woodland Ter,Alexandria,VA,22302,1499000,4,3.0,MOUNT IDA,3758,10800,1924,25,399,,Active,,,https://www.redfin.com/VA/Alexandria/209-Woodland-Ter-22302/home/11848536,BRIGHT MLS,VAAX2011482,N,Y,38.8274918,-77.067262
MLS Listing,,Townhouse,208 S Payne St,Alexandria,VA,22314,1499000,3,3.5,OLD TOWN ALEXANDRIA,2020,1800,1870,4,742,,Active,,,https://www.redfin.com/VA/Alexandria/208-S-Payne-St-22314/home/179338539,BRIGHT MLS,VAAX2013912,N,Y,38.8043425,-77.0536355
PAST SALE,April-4-2014,Townhouse,311 Prince St,Alexandria,VA,22314,1499000,4,3.0,GREENS STEAM,2025,2000,1786,3,740,,Pending,,,https://www.redfin.com/VA/Alexandria/311-Prince-St-22314/home/11842708,BRIGHT MLS,VAAX2013342,N,Y,38.8035776,-77.043246
PAST SALE,June-2-1988,Single Family Residential,604 N Overlook Dr,Alexandria,VA,22305,1498500,5,2.5,ECHOWOOD,2942,6930,1940,5,509,,Pending,,,https://www.redfin.com/VA/Alexandria/604-N-Overlook-Dr-22305/home/11849355,BRIGHT MLS,VAAX2011558,N,Y,38.8384618,-77.0708594
MLS Listing,,Single Family Residential,204 Macarthur Rd,Alexandria,VA,22305,1495000,5,4.5,MOUNT IDA,4613,14060,1940,11,324,,Active,,,https://www.redfin.com/VA/Alexandria/204-MacArthur-Rd-22305/home/11847138,BRIGHT MLS,VAAX2013254,N,Y,38.8323228,-77.0662726
New Construction Plan,,Condo/Co-op,Residence C8,Alexandria,VA,22314,1495000,2,2.5,Muse Old Town,1481,,,,1009,,Active,,,https://www.redfin.com/VA/Alexandria/Muse-Old-Town/Residence-C8/home/174330522,NewHomeSource.com,Plan-191875489,N,Y,38.816544,-77.0396838
MLS Listing,,Townhouse,120 S Fayette St,Alexandria,VA,22314,1495000,4,3.0,OLD TOWN,2722,2751,1976,34,549,,Contingent,,,https://www.redfin.com/VA/Alexandria/120-S-Fayette-St-22314/home/11859025,BRIGHT MLS,VAAX2012582,N,Y,38.8050214,-77.0524324
MLS Listing,,Single Family Residential,903 Eldon Dr,Alexandria,VA,22302,1479000,4,3.5,BEVERLY HILLS,2819,7420,1939,25,525,,Contingent,,,https://www.redfin.com/VA/Alexandria/903-Eldon-Dr-22302/home/11850224,BRIGHT MLS,VAAX2012706,N,Y,38.8354939,-77.0768175
MLS Listing,,Single Family Residential,1381 Bishop Crest Ct,Alexandria,VA,22308,1479000,5,4.5,BISHOP CREST,5732,10625,2016,26,258,50,Active,,,https://www.redfin.com/VA/Alexandria/1381-Bishop-Crest-Ct-22308/home/104006680,BRIGHT MLS,VAFX2067710,N,Y,38.7292359,-77.0580879
MLS Listing,,Townhouse,306 N Columbus St,Alexandria,VA,22314,1475000,4,2.5,OLD TOWN,2077,2200,1900,37,710,,Active,,,https://www.redfin.com/VA/Alexandria/306-N-Columbus-St-22314/home/11840965,BRIGHT MLS,VAAX2012406,N,Y,38.8077892,-77.0477325
PAST SALE,July-15-1986,Single Family Residential,14 W Glendale Ave,Alexandria,VA,22301,1475000,4,3.0,TEMPLE PARK,2708,7500,1920,1,545,,Pending,,,https://www.redfin.com/VA/Alexandria/14-W-Glendale-Ave-22301/home/11845830,BRIGHT MLS,VAAX2013840,N,Y,38.8160229,-77.0638892
MLS Listing,,Single Family Residential,3307 Elmore Dr,Alexandria,VA,22302,1475000,5,4.5,BEVERLY HILLS,3252,6780,1939,40,454,,Contingent,,,https://www.redfin.com/VA/Alexandria/3307-Elmore-Dr-22302/home/11850151,BRIGHT MLS,VAAX2009864,N,Y,38.8354803,-77.0743669
PAST SALE,,Single Family Residential,901 Alfred St N,Alexandria,VA,22314,1450000,1,3.0,OLD TOWN,4000,7306,1960,400,363,,Pending,,,https://www.redfin.com/VA/Alexandria/901-N-Alfred-St-22314/home/52416609,BRIGHT MLS,1000156331,N,Y,38.814516,-77.046956
PAST SALE,,Multi-Family (2-4 Unit),901 Alfred St,Alexandria,VA,22314,1450000,,,OLD TOWN,3500,7306,1960,400,414,,Pending,,,https://www.redfin.com/VA/Alexandria/901-S-Alfred-St-22314/home/146790713,BRIGHT MLS,1000156339,N,Y,38.7961587,-77.0511666
PAST SALE,December-16-1992,Single Family Residential,4115 N Garland St,Alexandria,VA,22304,1450000,5,3.5,SEMINARY RIDGE,4402,14766,1977,7,329,,Pending,,,https://www.redfin.com/VA/Alexandria/4115-N-Garland-St-22304/home/11853087,BRIGHT MLS,VAAX2009862,N,Y,38.8162088,-77.0956792
PAST SALE,December-17-2021,Single Family Residential,4013 Colonial Ave,Alexandria,VA,22309,1450000,4,4.5,COLONIAL ACRES,4369,21800,2022,124,332,,Pending,,,https://www.redfin.com/VA/Alexandria/4013-Colonial-Ave-22309/home/9826224,BRIGHT MLS,VAFX2027362,N,Y,38.7193493,-77.1013438
MLS Listing,,Single Family Residential,4013 Fort Worth Ave,Alexandria,VA,22304,1429500,4,3.5,SEMINARY RIDGE,4488,10384,1973,17,319,,Active,,,https://www.redfin.com/VA/Alexandria/4013-Fort-Worth-Ave-22304/home/11853263,BRIGHT MLS,VAAX2011574,N,Y,38.815923,-77.0995905
PAST SALE,April-17-2001,Townhouse,207 Cameron St,Alexandria,VA,22314,1425000,3,2.5,OLD TOWN HISTORIC,2264,1220,1870,5,629,,Pending,,,https://www.redfin.com/VA/Alexandria/207-Cameron-St-22314/home/11842851,BRIGHT MLS,VAAX245456,N,Y,38.8057167,-77.0415368
MLS Listing,,Single Family Residential,605 Franklin St,Alexandria,VA,22314,1400000,3,1.5,OLD TOWN ALEXANDRIA,2090,1880,1954,68,670,,Contingent,,,https://www.redfin.com/VA/Alexandria/605-Franklin-St-22314/home/43475703,BRIGHT MLS,VAAX2011200,N,Y,38.7982899,-77.0476987
MLS Listing,,Single Family Residential,2911 Holly St,Alexandria,VA,22305,1400000,4,2.5,MOUNT IDA,2568,29185,1920,267,545,,Active,,,https://www.redfin.com/VA/Alexandria/2911-Holly-St-22305/home/11847154,BRIGHT MLS,VAAX2003728,N,Y,38.8327743,-77.0652833
MLS Listing,,Single Family Residential,7105 Judith Ave,Alexandria,VA,22315,1399999,5,4.5,WINDSOR ESTATES,4703,23689,2022,645,298,,Active,,,https://www.redfin.com/VA/Alexandria/7105-Judith-Ave-22315/home/9785035,BRIGHT MLS,VAFX1141258,N,Y,38.7632779,-77.1581251
MLS Listing,,Single Family Residential,5811 Colfax Ave,Alexandria,VA,22311,1399999,5,4.5,THE PALISADES,6335,11629,1985,18,221,,Active,,,https://www.redfin.com/VA/Alexandria/5811-Colfax-Ave-22311/home/9654872,BRIGHT MLS,VAFX2071002,N,Y,38.8368866,-77.1316631
MLS Listing,,Townhouse,318 N Royal St,Alexandria,VA,22314,1399000,3,2.5,OLD TOWN ALEXANDRIA,2067,2034,1870,6,677,,Contingent,,,https://www.redfin.com/VA/Alexandria/318-N-Royal-St-22314/home/11841705,BRIGHT MLS,VAAX2012082,N,Y,38.8076268,-77.043156
MLS Listing,,Townhouse,2304 Main Line Blvd,Alexandria,VA,22301,1399000,4,4.5,POTOMAC YARD,3428,1783,2013,19,408,100,Contingent,,,https://www.redfin.com/VA/Alexandria/2304-Main-Line-Blvd-22301/home/49794587,BRIGHT MLS,VAAX2012974,N,Y,38.8270801,-77.0496327
MLS Listing,,Single Family Residential,7117 Fort Hunt Rd,Alexandria,VA,22307,1399000,5,4.0,MARLAN FOREST,3500,35478,1974,3,400,,Active,,,https://www.redfin.com/VA/Alexandria/7117-Fort-Hunt-Rd-22307/home/9796084,BRIGHT MLS,VAFX2071036,N,Y,38.7615531,-77.0590998
MLS Listing,,Condo/Co-op,115 N Lee St Unit BH402,Alexandria,VA,22314,1399000,3,3.0,TORPEDO FACTORY,2010,,1985,32,696,1088,Active,,,https://www.redfin.com/VA/Alexandria/115-N-Lee-St-22314/unit-BH402/home/22669495,BRIGHT MLS,VAAX2012672,N,Y,38.8048748,-77.0410195
PAST SALE,April-17-1992,Single Family Residential,505 Hilltop Ter,Alexandria,VA,22301,1395000,3,3.5,GEORGE WASHINGTON PARK,2714,5000,1937,6,514,,Pending,,,https://www.redfin.com/VA/Alexandria/505-Hilltop-Ter-22301/home/11848045,BRIGHT MLS,VAAX2013536,N,Y,38.8104993,-77.0691057
MLS Listing,,Townhouse,13 Wilkes,Alexandria,VA,22314,1389000,2,2.5,HARBORSIDE,2012,,1993,26,690,609,Active,,,https://www.redfin.com/VA/Alexandria/13-Wilkes-St-22314/home/11871651,BRIGHT MLS,VAAX2012178,N,Y,38.7999356,-77.040606
MLS Listing,,Townhouse,1323 Wilkes St,Alexandria,VA,22314,1385000,3,4.5,ALEXANDRIA GATEWAY,2451,1290,2016,19,565,194,Active,,,https://www.redfin.com/VA/Alexandria/1323-Wilkes-St-22314/home/110302200,BRIGHT MLS,VAAX2013298,N,Y,38.8018136,-77.0549173
MLS Listing,,Single Family Residential,6015 Kathmoor Dr,Alexandria,VA,22310,1375000,6,4.5,KATHMOOR,5062,39942,2011,11,272,,Active,,,https://www.redfin.com/VA/Alexandria/6015-Kathmoor-Dr-22310/home/9753262,BRIGHT MLS,VAFX2070592,N,Y,38.7806481,-77.1426517
Redfin Data,,Townhouse,719 Bracey Ln,Alexandria,VA,22314,1375000,3,3.5,Alexandria,3737,1232,2006,1,368,165,Pre On-Market,,,https://www.redfin.com/VA/Alexandria/719-Bracey-Ln-22314/home/11878104,Coming Soon,85772,N,Y,38.8274412,-77.0451575
PAST SALE,August-23-2004,Single Family Residential,1102 Gatewood Dr,Alexandria,VA,22307,1369000,5,3.5,VILLAMAY,3715,20066,1961,2,369,,Pending,,,https://www.redfin.com/VA/Alexandria/1102-Gatewood-Dr-22307/home/9796396,BRIGHT MLS,VAFX2065880,N,Y,38.7558886,-77.0509145
MLS Listing,,Townhouse,1819 Potomac Greens Dr,Alexandria,VA,22314,1365000,4,3.5,POTOMAC GREENS,3680,1500,2006,47,371,165,Contingent,,,https://www.redfin.com/VA/Alexandria/1819-Potomac-Greens-Dr-22314/home/11878009,BRIGHT MLS,VAAX2011976,N,Y,38.829626,-77.045354
MLS Listing,,Single Family Residential,8704 Eaglebrook Ct,Alexandria,VA,22308,1350000,5,3.0,WAYNEWOOD,3927,18924,1966,17,344,,Contingent,,,https://www.redfin.com/VA/Alexandria/8704-Eaglebrook-Ct-22308/home/9828726,BRIGHT MLS,VAFX2070604,N,Y,38.7215049,-77.0454949
PAST SALE,October-28-2011,Single Family Residential,18 W Braddock Rd,Alexandria,VA,22301,1350000,4,4.5,TEMPLE PARK,2959,5671,1939,5,456,,Pending,,,https://www.redfin.com/VA/Alexandria/18-W-Braddock-Rd-22301/home/11845738,BRIGHT MLS,VAAX2012982,N,Y,38.8167414,-77.064204
PAST SALE,April-18-2014,Single Family Residential,702 Kings Ct,Alexandria,VA,22302,1350000,4,3.5,THE SUMMIT,3174,8001,1977,2,425,,Pending,,,https://www.redfin.com/VA/Alexandria/702-Kings-Ct-22302/home/11860286,BRIGHT MLS,VAAX2012868,N,Y,38.8152729,-77.0718937
PAST SALE,July-27-1999,Single Family Residential,708 W Braddock Rd,Alexandria,VA,22302,1350000,5,3.5,BRADDOCK HEIGHTS,3549,13204,1950,4,380,,Pending,,,https://www.redfin.com/VA/Alexandria/708-W-Braddock-Rd-22302/home/11849429,BRIGHT MLS,VAAX2012182,N,Y,38.8224513,-77.0724783
MLS Listing,,Townhouse,605 Slade Ct,Alexandria,VA,22314,1349000,3,3.5,THE PARK RESIDENCES,2600,1045,2019,5,519,152,Active,,,https://www.redfin.com/VA/Alexandria/605-Slade-Ct-22314/home/113546564,BRIGHT MLS,VAAX2013360,N,Y,38.81169,-77.0496327
PAST SALE,May-29-1998,Townhouse,621 S Pitt St,Alexandria,VA,22314,1325000,3,3.0,YATES GARDENS,2010,2042,1976,1,659,,Pending,,,https://www.redfin.com/VA/Alexandria/621-S-Pitt-St-22314/home/11841237,BRIGHT MLS,VAAX2011740,N,Y,38.7983393,-77.0463494
MLS Listing,,Single Family Residential,909 N Overlook Dr,Alexandria,VA,22305,1325000,4,2.5,OVERLOOK ESTATES,3004,8854,1959,4,441,,Active,,,https://www.redfin.com/VA/Alexandria/909-N-Overlook-Dr-22305/home/11850445,BRIGHT MLS,VAAX2013638,N,Y,38.8388412,-77.0774695
MLS Listing,,Single Family Residential,4311 Mission Ct,Alexandria,VA,22310,1300000,6,5.0,MISSION HEIGHTS,6274,12820,1996,20,207,21,Active,,,https://www.redfin.com/VA/Alexandria/4311-Mission-Ct-22310/home/9789097,BRIGHT MLS,VAFX2065028,N,Y,38.7765747,-77.1068733
MLS Listing,,Single Family Residential,5861 Governors Hill Dr,Alexandria,VA,22310,1299000,6,5.0,GOVERNORS HILL,5205,5565,2003,10,250,85,Active,,,https://www.redfin.com/VA/Alexandria/5861-Governors-Hill-Dr-22310/home/9835729,BRIGHT MLS,VAFX2071970,N,Y,38.7904508,-77.0860576
MLS Listing,,Townhouse,1318 Van Valkenburgh Ln,Alexandria,VA,22301,1299000,3,3.5,POTOMAC YARD,3747,2030,2016,40,347,116,Active,,,https://www.redfin.com/VA/Alexandria/1318-Van-Valkenburgh-Ln-22301/home/49794502,BRIGHT MLS,VAAX2012064,N,Y,38.8186557,-77.0524706
MLS Listing,,Single Family Residential,2707 N Rosser St,Alexandria,VA,22311,1295500,5,4.5,HAMPTON ROW,3896,22799,2018,55,333,,Contingent,,,https://www.redfin.com/VA/Alexandria/2707-N-Rosser-St-22311/home/40462339,BRIGHT MLS,VAAX2011718,N,Y,38.8368249,-77.1215725
MLS Listing,,Single Family Residential,3100 Wilson Ave,Alexandria,VA,22305,1295000,4,3.5,DEL RAY,2980,4899,1950,32,435,,Active,,,https://www.redfin.com/VA/Alexandria/3100-Wilson-Ave-22305/home/11844854,BRIGHT MLS,VAAX2012446,N,Y,38.8325743,-77.0577731
MLS Listing,,Single Family Residential,3000 Wessynton Way,Alexandria,VA,22309,1295000,5,3.0,WESSYNTON,3305,16644,1969,24,392,75,Contingent,,,https://www.redfin.com/VA/Alexandria/3000-Wessynton-Way-22309/home/9828141,BRIGHT MLS,VAFX2069058,N,Y,38.7188371,-77.0823707
PAST SALE,August-31-2004,Single Family Residential,4016 Featherstone Pl,Alexandria,VA,22304,1295000,4,3.0,SEMINARY RIDGE,3802,12536,1973,8,341,,Pending,,,https://www.redfin.com/VA/Alexandria/4016-Featherstone-Pl-22304/home/11853176,BRIGHT MLS,VAAX2010184,N,Y,38.813717,-77.0953195
MLS Listing,,Townhouse,617 S Pitt St,Alexandria,VA,22314,1295000,3,4.5,YATES GARDENS,1928,1752,1800,46,672,,Active,,,https://www.redfin.com/VA/Alexandria/617-S-Pitt-St-22314/home/11841234,BRIGHT MLS,VAAX2011810,N,Y,38.7985189,-77.0462482
MLS Listing,,Condo/Co-op,312 S Washington St #302,Alexandria,VA,22314,1290000,3,2.5,OLD TOWN ALEXANDRIA,1694,,2021,185,762,605,Active,,,https://www.redfin.com/VA/Alexandria/312-S-Washington-St-22314/unit-302/home/177360255,BRIGHT MLS,VAAX2005878,N,Y,38.8022764,-77.0472265
MLS Listing,,Condo/Co-op,1201 N Royal St #214,Alexandria,VA,22314,1288000,2,2.0,Alexandria,1655,,2022,251,778,1442,Active,,,https://www.redfin.com/VA/Alexandria/1201-N-Royal-St-22314/unit-214/home/176554942,BRIGHT MLS,VAAX2004376,N,Y,38.8174228,-77.0403898
New Construction Plan,,Condo/Co-op,Residence 214,Alexandria,VA,22314,1288000,2,2.0,Muse Old Town,1655,,,,778,,Active,,,https://www.redfin.com/VA/Alexandria/Muse-Old-Town/Residence-214/home/177867852,NewHomeSource.com,Plan-191944944,N,Y,38.816544,-77.0396838
MLS Listing,,Single Family Residential,2400 Lakeshire Dr,Alexandria,VA,22308,1275000,4,3.5,MANORS AT,3989,10800,1992,11,320,,Active,,,https://www.redfin.com/VA/Alexandria/2400-Lakeshire-Dr-22308/home/9819876,BRIGHT MLS,VAFX2069440,N,Y,38.7320663,-77.0729279
MLS Listing,,Single Family Residential,3207 Cameron Mills Rd,Alexandria,VA,22302,1250000,4,3.5,BEVERLY HILLS,3107,8979,1945,32,402,,Contingent,,,https://www.redfin.com/VA/Alexandria/3207-Cameron-Mills-Rd-22302/home/11850171,BRIGHT MLS,VAAX2012484,N,Y,38.8344313,-77.0757608
PAST SALE,December-11-2002,Single Family Residential,8419 W Boulevard Dr,Alexandria,VA,22308,1250000,5,3.0,COLLINGWOOD ON THE POTOM,3676,22673,1976,4,340,,Pending,,,https://www.redfin.com/VA/Alexandria/8419-W-Boulevard-Dr-22308/home/9820743,BRIGHT MLS,VAFX2062532,N,Y,38.7281639,-77.0435159
MLS Listing,,Townhouse,2812 Telek Pl,Alexandria,VA,22314,1250000,4,4.5,EISENHOWER SQUARE,2908,1325,2020,12,430,174,Active,,,https://www.redfin.com/VA/Alexandria/2812-Telek-Pl-22314/home/171305779,BRIGHT MLS,VAAX2013280,N,Y,38.8039219,-77.0814264
MLS Listing,,Single Family Residential,303 Kentucky Ave,Alexandria,VA,22305,1250000,5,3.5,BEVERLY HILLS,3053,4628,1938,34,409,,Contingent,,,https://www.redfin.com/VA/Alexandria/303-Kentucky-Ave-22305/home/11849086,BRIGHT MLS,VAAX2011980,N,Y,38.8369682,-77.0664975
MLS Listing,,Single Family Residential,4121 Fort Worth Pl,Alexandria,VA,22304,1250000,4,3.5,SEMINARY RIDGE,2975,10942,1973,4,420,,Active,,,https://www.redfin.com/VA/Alexandria/4121-Fort-Worth-Pl-22304/home/11853073,BRIGHT MLS,VAAX2013796,N,Y,38.8161688,-77.0967582
PAST SALE,,Condo/Co-op,1201 N Royal St #705,Alexandria,VA,22314,1249000,1,2.0,Alexandria,1220,,2021,38,1024,1088,Pending,,,https://www.redfin.com/VA/Alexandria/1201-N-Royal-St-22314/unit-705/home/179259679,BRIGHT MLS,VAAX2012304,N,Y,38.8174228,-77.0403898
MLS Listing,,Single Family Residential,8417 Conover Pl,Alexandria,VA,22308,1249000,6,5.5,WAYNEWOOD,4058,10623,2020,13,308,,Contingent,,,https://www.redfin.com/VA/Alexandria/8417-Conover-Pl-22308/home/9820339,BRIGHT MLS,VAFX2072058,N,Y,38.7275744,-77.0533207
PAST SALE,,Condo/Co-op,1201 N Royal St #508,Alexandria,VA,22314,1248000,2,2.0,Alexandria,1394,,2022,114,895,1315,Pending,,,https://www.redfin.com/VA/Alexandria/1201-N-Royal-St-22314/unit-508/home/173654481,BRIGHT MLS,VAAX253102,N,Y,38.8174228,-77.0403898
PAST SALE,,Single Family Residential,2924 Argyle Dr,Alexandria,VA,22305,1245000,5,4.0,MONTICELLO PARK,2966,8917,1941,22,420,,Pending,,,https://www.redfin.com/VA/Alexandria/2924-Argyle-Dr-22305/home/11848767,BRIGHT MLS,VAAX2012284,N,Y,38.8327206,-77.0683862
New Construction Plan,,Condo/Co-op,Residence C3,Alexandria,VA,22314,1233000,2,2.0,Muse Old Town,1394,,,,885,,Active,,,https://www.redfin.com/VA/Alexandria/Muse-Old-Town/Residence-C3/home/174330523,NewHomeSource.com,Plan-191875487,N,Y,38.816544,-77.0396838
PAST SALE,November-10-2009,Single Family Residential,325 Beverley Dr,Alexandria,VA,22305,1225000,3,3.0,BEVERLEY HILLS,4212,16934,1950,8,291,,Pending,,,https://www.redfin.com/VA/Alexandria/325-Beverly-Dr-22305/home/11849149,BRIGHT MLS,VAAX2011620,N,Y,38.834452,-77.069381
MLS Listing,,Single Family Residential,4304 Upland Dr,Alexandria,VA,22310,1200000,5,3.5,CLEARMONT,5012,31916,2004,5,239,,Active,,,https://www.redfin.com/VA/Alexandria/4304-Upland-Dr-22310/home/9845662,BRIGHT MLS,VAFX2072576,N,Y,38.801119,-77.1072105
MLS Listing,,Condo/Co-op,737 Swann Ave Unit TWO-111,Alexandria,VA,22301,1200000,3,2.5,POTOMAC YARD,1781,,2022,94,674,1890,Contingent,,,https://www.redfin.com/VA/Alexandria/737-Swann-Ave-22301/unit-TWO-111/home/178491626,BRIGHT MLS,VAAX2009018,N,Y,38.8293894,-77.0502802
MLS Listing,,Single Family Residential,7829 Schelhorn Rd,Alexandria,VA,22306,1200000,6,5.0,HYBLA VALLEY FARMS,5254,18820,2006,95,228,,Active,,,https://www.redfin.com/VA/Alexandria/7829-Schelhorn-Rd-22306/home/9816473,BRIGHT MLS,VAFX2052950,N,Y,38.7438986,-77.0760082
MLS Listing,,Townhouse,529 S Fairfax St,Alexandria,VA,22314,1200000,2,2.5,OLD TOWN ALEXANDRIA,1836,756,1900,19,654,,Active,June-11-2022 01:00 PM,June-11-2022 03:00 PM,https://www.redfin.com/VA/Alexandria/529-S-Fairfax-St-22314/home/11842388,BRIGHT MLS,VAAX2013268,N,Y,38.7991611,-77.0438701
PAST SALE,September-12-1979,Single Family Residential,107 W Bellefonte Ave,Alexandria,VA,22301,1199999,3,3.5,DEL RAY,3584,5750,1934,35,335,,Pending,,,https://www.redfin.com/VA/Alexandria/107-W-Bellefonte-Ave-22301/home/11846792,BRIGHT MLS,VAAX2011142,N,Y,38.8228625,-77.0652158
PAST SALE,November-2-2020,Single Family Residential,7116 Marlan Dr,Alexandria,VA,22307,1199900,5,3.0,MARLAN FOREST,3613,32821,1959,5,332,,Pending,,,https://www.redfin.com/VA/Alexandria/7116-Marlan-Dr-22307/home/9796095,BRIGHT MLS,VAFX2066648,N,Y,38.7615051,-77.0584926
PAST SALE,July-19-2019,Single Family Residential,8015 Yorktown Dr,Alexandria,VA,22308,1199000,5,4.5,HOLLIN HALL VILLAGE,4625,7150,2012,2,259,,Pending,,,https://www.redfin.com/VA/Alexandria/8015-Yorktown-Dr-22308/home/40294305,BRIGHT MLS,VAFX2070056,N,Y,38.739158,-77.0547149
PAST SALE,April-25-2014,Townhouse,414 Oronoco St,Alexandria,VA,22314,1198000,3,3.5,CHATHAM SQUARE,2371,1024,2005,2,505,187,Pending,,,https://www.redfin.com/VA/Alexandria/414-Oronoco-St-22314/home/11877111,BRIGHT MLS,VAAX2012654,N,Y,38.8090939,-77.0432909
PAST SALE,July-14-2017,Townhouse,117 S Alfred St,Alexandria,VA,22314,1195000,3,2.0,OLD TOWN,2024,2200,1800,6,590,,Pending,,,https://www.redfin.com/VA/Alexandria/117-S-Alfred-St-22314/home/11840756,BRIGHT MLS,VAAX2012236,N,Y,38.8046529,-77.049509
PAST SALE,October-29-2009,Condo/Co-op,1250 S Washington St #417,Alexandria,VA,22314,1195000,3,3.0,PORTO VECCHIO,1877,,1983,3,637,1608,Pending,,,https://www.redfin.com/VA/Alexandria/1250-S-Washington-St-22314/unit-417/home/11868410,BRIGHT MLS,VAAX2009918,N,Y,38.7905151,-77.0499919
PAST SALE,May-10-2019,Townhouse,1011 Duke St,Alexandria,VA,22314,1195000,2,2.5,OLD TOWN ALEXANDRIA,2167,1496,1870,7,551,,Pending,,,https://www.redfin.com/VA/Alexandria/1011-Duke-St-22314/home/160490804,BRIGHT MLS,VAAX2013560,N,Y,38.8034771,-77.0512968
MLS Listing,,Vacant Land,1101 Finley Ln,Alexandria,VA,22304,1195000,,,Alexandria,,47601,,82,,42,Active,,,https://www.redfin.com/VA/Alexandria/1101-Finley-Ln-22304/home/22195652,BRIGHT MLS,VAAX2010480,N,Y,38.821798,-77.112795
PAST SALE,June-18-2019,Single Family Residential,3815 Fort Hill Dr,Alexandria,VA,22310,1189750,5,3.5,PINEBROOK ADDITION TO WI,4365,12605,1979,6,273,,Pending,,,https://www.redfin.com/VA/Alexandria/3815-Fort-Hill-Dr-22310/home/9759449,BRIGHT MLS,VAFX2064008,N,Y,38.7863236,-77.1000176
PAST SALE,July-15-2016,Single Family Residential,1104 Belle Vista Dr,Alexandria,VA,22307,1189000,6,3.5,VILLAMAY,3314,13500,1962,33,359,,Pending,,,https://www.redfin.com/VA/Alexandria/1104-Belle-Vista-Dr-22307/home/9796458,BRIGHT MLS,VAFX2062262,N,Y,38.755248,-77.0518365
MLS Listing,,Condo/Co-op,1201 N Royal St #411,Alexandria,VA,22314,1186000,2,2.0,Alexandria,1448,,2022,252,819,1306,Active,,,https://www.redfin.com/VA/Alexandria/1201-N-Royal-St-22314/unit-411/home/176550233,BRIGHT MLS,VAAX2004360,N,Y,38.8174228,-77.0403898
New Construction Plan,,Condo/Co-op,Residence 411,Alexandria,VA,22314,1186000,2,2.0,Muse Old Town,1448,,,,819,,Active,,,https://www.redfin.com/VA/Alexandria/Muse-Old-Town/Residence-411/home/177867850,NewHomeSource.com,Plan-191944946,N,Y,38.816544,-77.0396838
PAST SALE,December-6-2002,Single Family Residential,110 Stewart Ave,Alexandria,VA,22301,1175000,3,2.5,DEL RAY,2037,7343,1938,6,577,,Pending,,,https://www.redfin.com/VA/Alexandria/110-Stewart-Ave-22301/home/11845188,BRIGHT MLS,VAAX2012546,N,Y,38.8287024,-77.0579979
MLS Listing,,Single Family Residential,5951 Franconia Rd,Alexandria,VA,22310,1175000,5,4.5,KATHMOOR,4210,20908,1948,18,279,,Active,,,https://www.redfin.com/VA/Alexandria/5951-Franconia-Rd-22310/home/9753273,BRIGHT MLS,VAFX2070308,N,Y,38.782735,-77.1408091
PAST SALE,April-3-1997,Single Family Residential,2207 Valley Cir,Alexandria,VA,22302,1175000,4,3.5,TIMBER BRNCH TEMPLE TERR,2184,8706,1948,3,538,,Pending,,,https://www.redfin.com/VA/Alexandria/2207-Valley-Cir-22302/home/11849522,BRIGHT MLS,VAAX2012248,N,Y,38.8235182,-77.0776944
PAST SALE,October-1-1971,Single Family Residential,514 Woodland Ter,Alexandria,VA,22302,1175000,3,2.5,JEFFERSON PARK,2968,9375,1940,5,396,,Pending,,,https://www.redfin.com/VA/Alexandria/514-Woodland-Ter-22302/home/11848593,BRIGHT MLS,VAAX2012432,N,Y,38.8250631,-77.0721185
MLS Listing,,Single Family Residential,1802 Rampart Dr,Alexandria,VA,22308,1175000,5,3.5,COLLNGWOOD SPRNGS,4687,14511,1993,28,251,,Active,,,https://www.redfin.com/VA/Alexandria/1802-Rampart-Dr-22308/home/9821091,BRIGHT MLS,VAFX2062426,N,Y,38.7312211,-77.0612584
MLS Listing,,Single Family Residential,2805 Dartmouth Rd,Alexandria,VA,22314,1170000,4,2.5,CLOVER,2513,9200,1965,6,466,,Active,,,https://www.redfin.com/VA/Alexandria/2805-Dartmouth-Rd-22314/home/11851024,BRIGHT MLS,VAAX2013354,N,Y,38.8110804,-77.0782339
PAST SALE,,Single Family Residential,1114 Westmoreland Rd,Alexandria,VA,22308,1165000,5,4.5,WELLINGTON ESTATES,3750,6250,2022,24,311,,Pending,,,https://www.redfin.com/VA/Alexandria/1114-Westmoreland-Rd-22308/home/162644218,BRIGHT MLS,VAFX2033102,N,Y,38.741027,-77.050548
PAST SALE,August-15-2013,Single Family Residential,3307 Circle Hill Rd,Alexandria,VA,22305,1155000,3,3.0,BEVERLY HILLS,2790,5873,1940,5,414,,Pending,,,https://www.redfin.com/VA/Alexandria/3307-Circle-Hill-Rd-22305/home/11874256,BRIGHT MLS,VAAX2012830,N,Y,38.8361967,-77.0703648
PAST SALE,May-30-2013,Single Family Residential,9036 Patton Blvd,Alexandria,VA,22309,1150000,6,4.5,WOODLAWN MANOR,5342,48569,2015,5,215,,Pending,,,https://www.redfin.com/VA/Alexandria/9036-Patton-Blvd-22309/home/9825594,BRIGHT MLS,VAFX2067120,N,Y,38.7117765,-77.121123
PAST SALE,,Single Family Residential,1112 Westmoreland Rd,Alexandria,VA,22308,1150000,5,4.5,WELLINGTON ESTATES,3750,6250,2021,68,307,,Pending,,,https://www.redfin.com/VA/Fort-Hunt/1112-Westmoreland-Rd-22308/home/176896915,BRIGHT MLS,VAFX2027604,N,Y,38.7409632,-77.0504658
MLS Listing,,Townhouse,715 N Alfred,Alexandria,VA,22314,1137000,3,3.5,OLD TOWN COMMONS,2205,978,2011,4,516,100,Active,,,https://www.redfin.com/VA/Alexandria/715-N-Alfred-St-22314/home/39967038,BRIGHT MLS,VAAX2013526,N,Y,38.8125853,-77.0474064
PAST SALE,January-4-2013,Townhouse,1208 N Pitt St,Alexandria,VA,22314,1125000,3,3.5,PITT ST STATION,1944,2010,1996,13,579,83,Pending,,,https://www.redfin.com/VA/Alexandria/1208-N-Pitt-St-22314/home/11872049,BRIGHT MLS,VAAX2012606,N,Y,38.81723,-77.042332
MLS Listing,,Townhouse,520 N Royal St,Alexandria,VA,22314,1125000,3,2.5,CHATHAM SQUARE,2118,729,2005,34,531,185,Active,,,https://www.redfin.com/VA/Alexandria/520-N-Royal-St-22314/home/11877176,BRIGHT MLS,VAAX2012202,N,Y,38.809949,-77.0426254
MLS Listing,,Condo/Co-op,701 Swann Ave Unit ONE-402,Alexandria,VA,22301,1105900,3,2.5,POTOMAC YARD,1778,,2022,320,622,890,Contingent,,,https://www.redfin.com/VA/Alexandria/701-Swann-Ave-22301/unit-ONE-402/home/175770449,BRIGHT MLS,VAAX2001666,N,Y,38.8293894,-77.0502802
MLS Listing,,Single Family Residential,401 Russell Rd,Alexandria,VA,22301,1100000,3,2.0,ROSEMONT,2426,7475,1930,14,453,,Contingent,,,https://www.redfin.com/VA/Alexandria/401-Russell-Rd-22301/home/11843227,BRIGHT MLS,VAAX2013464,N,Y,38.8111299,-77.0636194
MLS Listing,,Single Family Residential,5767 Bush Hill Dr,Alexandria,VA,22310,1100000,5,3.5,GUNNELL,4502,9874,2002,10,244,17,Contingent,,,https://www.redfin.com/VA/Alexandria/5767-Bush-Hill-Dr-22310/home/9841449,BRIGHT MLS,VAFX2068748,N,Y,38.7953388,-77.1209657
MLS Listing,,Single Family Residential,1143 Cameron Rd,Alexandria,VA,22308,1100000,3,2.5,DAVIS ADDITION WELLINGTO,2276,22774,1951,19,483,,Active,,,https://www.redfin.com/VA/Alexandria/1143-Cameron-Rd-22308/home/9818142,BRIGHT MLS,VAFX2068950,N,Y,38.7433515,-77.0530059
PAST SALE,September-17-1971,Single Family Residential,1107 Potomac Ln,Alexandria,VA,22308,1100000,5,3.0,ADDITION PLYMOUTH HAVEN,2309,15754,1966,1,476,,Pending,,,https://www.redfin.com/VA/Alexandria/1107-Potomac-Ln-22308/home/9828544,BRIGHT MLS,VAFX2062624,N,Y,38.7219253,-77.052826
MLS Listing,,Townhouse,512 Bellvue Pl,Alexandria,VA,22314,1100000,3,4.0,PITT ST STATION,2152,1458,1996,3,511,83,Active,,,https://www.redfin.com/VA/Alexandria/512-Bellvue-Pl-22314/home/11872051,BRIGHT MLS,VAAX2013208,N,Y,38.817162,-77.0426275
PAST SALE,March-20-1991,Townhouse,621 S Saint Asaph St,Alexandria,VA,22314,1100000,4,2.5,YATES GARDENS,2053,1345,1967,20,536,,Pending,,,https://www.redfin.com/VA/Alexandria/621-S-St-Asaph-St-22314/home/11841205,BRIGHT MLS,VAAX2012952,N,Y,38.7986653,-77.0473727
MLS Listing,,Single Family Residential,6618 Schurtz St,Alexandria,VA,22310,1099900,5,3.5,AUTUMN CHASE HUNT,3845,9147,1999,97,286,,Active,,,https://www.redfin.com/VA/Alexandria/6618-Schurtz-St-22310/home/9782423,BRIGHT MLS,VAFX2053220,N,Y,38.7735944,-77.1488309
MLS Listing,,Condo/Co-op,801 N Fairfax St #412,Alexandria,VA,22314,1099900,2,2.0,OLD TOWN NORTH,1195,,2022,64,920,702,Contingent,,,https://www.redfin.com/VA/Alexandria/801-N-Fairfax-St-22314/unit-412/home/178951964,BRIGHT MLS,VAAX2011346,N,Y,38.8132409,-77.0404745
MLS Listing,,Single Family Residential,916 Darton Dr,Alexandria,VA,22308,1095000,5,3.0,WAYNEWOOD,3273,20113,1958,4,335,,Active,,,https://www.redfin.com/VA/Alexandria/916-Darton-Dr-22308/home/9820092,BRIGHT MLS,VAFX2073712,N,Y,38.7275873,-77.0476987
MLS Listing,,Single Family Residential,1309 Dogwood Dr,Alexandria,VA,22302,1089000,4,3.0,DYES OAKCREST,2500,6975,1960,61,436,,Active,,,https://www.redfin.com/VA/Alexandria/1309-Dogwood-Dr-22302/home/11851956,BRIGHT MLS,VAAX2011354,N,Y,38.8285217,-77.0800325
MLS Listing,,Condo/Co-op,701 Swann Ave Unit ONE 202,Alexandria,VA,22301,1085900,3,2.5,POTOMAC YARD,1778,,2022,305,611,890,Contingent,,,https://www.redfin.com/VA/Alexandria/701-Swann-Ave-22301/unit-ONE-202/home/175985612,BRIGHT MLS,VAAX2002344,N,Y,38.8293894,-77.0502802
MLS Listing,,Single Family Residential,8301 Crown Court Rd,Alexandria,VA,22308,1079000,5,3.5,RIVERSIDE,3426,11989,1975,25,315,,Active,June-12-2022 02:00 PM,June-12-2022 04:00 PM,https://www.redfin.com/VA/Alexandria/8301-Crown-Court-Rd-22308/home/9819531,BRIGHT MLS,VAFX2069336,N,Y,38.7311448,-77.0679365
PAST SALE,April-18-2016,Townhouse,207 Wolfe St,Alexandria,VA,22314,1075000,3,2.5,OLD TOWN,1558,1008,1820,35,690,,Pending,,,https://www.redfin.com/VA/Alexandria/207-Wolfe-St-22314/home/11842557,BRIGHT MLS,VAAX2012058,N,Y,38.801202,-77.0425826
MLS Listing,,Townhouse,2817 Eisenhower Ave,Alexandria,VA,22314,1075000,4,4.5,EISENHOWER SQUARE,2580,970,2018,11,417,175,Active,,,https://www.redfin.com/VA/Alexandria/2817-Eisenhower-Ave-22314/home/145284488,BRIGHT MLS,VAAX2013438,N,Y,38.8029171,-77.0817861
PAST SALE,June-16-2003,Single Family Residential,5807 Valley View Dr,Alexandria,VA,22310,1065000,5,3.5,OAKBROOK KNOLLS,4128,11659,1996,12,258,75,Pending,,,https://www.redfin.com/VA/Alexandria/5807-Valley-View-Dr-22310/home/9751442,BRIGHT MLS,VAFX2056346,N,Y,38.7929363,-77.1471906
MLS Listing,,Single Family Residential,239 E Monroe Ave,Alexandria,VA,22301,1050000,3,2.0,COTTAGE PARK,1739,6050,1997,25,604,,Active,,,https://www.redfin.com/VA/Alexandria/239-E-Monroe-Ave-22301/home/11846345,BRIGHT MLS,VAAX2013006,N,Y,38.8202897,-77.0582228
MLS Listing,,Single Family Residential,1800 Drury Ln,Alexandria,VA,22307,1049900,4,2.5,HOLLIN HILLS,1802,19723,1949,4,583,,Active,,,https://www.redfin.com/VA/Alexandria/1800-Drury-Ln-22307/home/9796212,BRIGHT MLS,VAFX2066856,N,Y,38.7591985,-77.0612359
MLS Listing,,Single Family Residential,225 N West,Alexandria,VA,22314,1049500,3,2.5,PARKER GRAY HISTORIC DISTRICT,1568,2183,1920,33,669,,Contingent,,,https://www.redfin.com/VA/Alexandria/225-N-West-St-22314/home/11839633,BRIGHT MLS,VAAX2012162,N,Y,38.8079311,-77.0540065
MLS Listing,,Single Family Residential,5841 Colfax Ave,Alexandria,VA,22311,1049500,4,3.5,THE PALISADES,3210,10422,1984,31,327,13,Active,,,https://www.redfin.com/VA/Alexandria/5841-Colfax-Ave-22311/home/9654906,BRIGHT MLS,VAFX2065862,N,Y,38.8377075,-77.133798
PAST SALE,January-6-1987,Single Family Residential,405 Underhill Pl,Alexandria,VA,22305,1049000,3,3.0,MONTICELLO PARK,2460,8531,1956,3,426,,Pending,,,https://www.redfin.com/VA/Alexandria/405-Underhill-Pl-22305/home/11848941,BRIGHT MLS,VAAX2012990,N,Y,38.8309809,-77.0695329
PAST SALE,May-15-2019,Single Family Residential,2811 Ridge Road Dr,Alexandria,VA,22302,1035000,3,2.0,BRADDOCK HEIGHTS,2454,7277,1940,1,422,,Pending,,,https://www.redfin.com/VA/Alexandria/2811-Ridge-Rd-Dr-22302/home/11849737,BRIGHT MLS,VAAX2012634,N,Y,38.8303442,-77.0783688
MLS Listing,,Single Family Residential,514 Hilltop Ter,Alexandria,VA,22301,1030000,4,2.0,GEORGE WASHINGTON PARK,1918,4964,1945,39,537,,Active,,,https://www.redfin.com/VA/Alexandria/514-Hilltop-Ter-22301/home/11848032,BRIGHT MLS,VAAX2012118,N,Y,38.8108665,-77.0702299
MLS Listing,,Townhouse,961 Powhatan St,Alexandria,VA,22314,1025000,3,3.5,OLD TOWN GATEWAY,1927,1000,1998,26,532,125,Active,,,https://www.redfin.com/VA/Alexandria/961-Powhatan-St-22314/home/11872835,BRIGHT MLS,VAAX2012080,N,Y,38.81599,-77.045439
PAST SALE,November-30-2015,Townhouse,601 S Saint Asaph St,Alexandria,VA,22314,1020000,2,2.5,OLD TOWN SE QUADRANT,1344,1076,1842,30,759,,Pending,,,https://www.redfin.com/VA/Alexandria/601-S-St-Asaph-St-22314/home/11841199,BRIGHT MLS,VAAX2012012,N,Y,38.7991237,-77.047249
MLS Listing,,Single Family Residential,305 Skyhill Rd,Alexandria,VA,22314,1000000,4,3.0,ALEXANDRIA,2756,9200,1955,3,363,,Active,,,https://www.redfin.com/VA/Alexandria/305-Skyhill-Rd-22314/home/11851084,BRIGHT MLS,VAAX2013562,N,Y,38.8113612,-77.0764353
MLS Listing,,Townhouse,212 Gibbon St,Alexandria,VA,22314,1000000,2,2.5,OLD TOWN ALEXANDRIA,1758,1180,1860,5,569,,Contingent,,,https://www.redfin.com/VA/Alexandria/212-Gibbon-St-22314/home/11842460,BRIGHT MLS,VAAX2013468,N,Y,38.7986037,-77.0433359
PAST SALE,August-5-2013,Townhouse,1229 Roundhouse Ln,Alexandria,VA,22314,1000000,3,3.5,OLD TOWN VILLAGE,1816,816,1998,5,551,193,Pending,,,https://www.redfin.com/VA/Alexandria/1229-Roundhouse-Ln-22314/home/11873304,BRIGHT MLS,VAAX2013224,N,Y,38.8023468,-77.0538491
MLS Listing,,Condo/Co-op,1300 King,Alexandria,VA,22314,1000000,0,,OLD TOWN ALEXANDRIA,1000,,,6,1000,,Active,,,https://www.redfin.com/VA/Alexandria/1300-King-St-22314/home/17062126,BRIGHT MLS,VAAX2012000,N,Y,38.8057594,-77.0537255
MLS Listing,,Townhouse,129 Prairie Ln,Alexandria,VA,22314,1000000,3,4.0,EISENHOWER SQUARE,2580,1000,2020,26,388,174,Contingent,,,https://www.redfin.com/VA/Alexandria/129-Prairie-Ln-22314/home/145284510,BRIGHT MLS,VAAX2012860,N,Y,38.8031732,-77.0812016
MLS Listing,,Condo/Co-op,701 Swann Ave Unit ONE-404,Alexandria,VA,22301,999999,2,2.0,POTOMAC YARD,1639,,2022,45,610,864,Contingent,,,https://www.redfin.com/VA/Alexandria/701-Swann-Ave-22301/unit-ONE-404/home/179142569,BRIGHT MLS,VAAX2012110,N,Y,38.8293894,-77.0502802
PAST SALE,,Condo/Co-op,312 S Washington St #301,Alexandria,VA,22314,999999,2,2.5,OLD TOWN ALEXANDRIA,1414,,2021,114,707,505,Pending,,,https://www.redfin.com/VA/Alexandria/312-S-Washington-St-22314/unit-301/home/177360281,BRIGHT MLS,VAAX2009232,N,Y,38.8022764,-77.0472265
MLS Listing,,Single Family Residential,6053 Shaffer Dr,Alexandria,VA,22310,999999,5,3.5,VILLAGES AT HUNTINGTON,4400,9377,1995,17,227,,Active,,,https://www.redfin.com/VA/Alexandria/6053-Shaffer-Dr-22310/home/9763863,BRIGHT MLS,VAFX2071138,N,Y,38.7843206,-77.0820128
PAST SALE,August-30-2001,Townhouse,224 S Alfred St,Alexandria,VA,22314,999999,2,2.0,SWANN DAINGERFIELD,1384,1917,1890,20,723,,Pending,,,https://www.redfin.com/VA/Alexandria/224-S-Alfred-St-22314/home/11840809,BRIGHT MLS,VAAX2012658,N,Y,38.8034345,-77.0493966
MLS Listing,,Single Family Residential,5564 La Vista Dr,Alexandria,VA,22310,999999,4,3.5,GUNNELL,4131,9831,2003,18,242,17,Active,,,https://www.redfin.com/VA/Alexandria/5564-La-Vista-Dr-22310/home/179498577,BRIGHT MLS,VAFX2065422,N,Y,38.7961847,-77.1258426
PAST SALE,February-22-2013,Single Family Residential,6445 Vale St,Alexandria,VA,22312,999900,3,3.0,PINECREST,3290,30450,1949,14,304,,Pending,,,https://www.redfin.com/VA/Alexandria/6445-Vale-St-22312/home/9722640,BRIGHT MLS,VAFX2069420,N,Y,38.8287483,-77.159054
MLS Listing,,Townhouse,616 Queen St,Alexandria,VA,22314,999900,2,2.0,MANCHESTER,1620,,1974,4,617,400,Active,,,https://www.redfin.com/VA/Alexandria/616-Queen-St-22314/home/11862960,BRIGHT MLS,VAAX2013642,N,Y,38.8069247,-77.0462127
MLS Listing,,Single Family Residential,7912 New Market Rd,Alexandria,VA,22308,999900,4,3.0,HOLLIN HALL VIL,2731,10504,1955,33,366,,Contingent,,,https://www.redfin.com/VA/Alexandria/7912-New-Market-Rd-22308/home/9816753,BRIGHT MLS,VAFX2067092,N,Y,38.7426769,-77.0660028
PAST SALE,September-12-2014,Single Family Residential,8903 Mcnair Ct,Alexandria,VA,22309,999000,4,3.5,WOODLAWN ESTATES,3875,29492,1980,8,258,,Pending,,,https://www.redfin.com/VA/Alexandria/8903-McNair-Ct-22309/home/9826108,BRIGHT MLS,VAFX2066792,N,Y,38.7158239,-77.1159088
PAST SALE,September-7-2018,Single Family Residential,214 E Del Ray Ave,Alexandria,VA,22301,999000,3,1.5,DEL RAY,1405,3450,1930,4,711,,Pending,,,https://www.redfin.com/VA/Alexandria/214-E-Del-Ray-Ave-22301/home/11844334,BRIGHT MLS,VAAX2012574,N,Y,38.8264017,-77.0571884
MLS Listing,,Single Family Residential,5110 Franconia Rd,Alexandria,VA,22310,999000,5,5.0,BUSH HILL WOODS,6526,23993,1952,51,153,,Contingent,,,https://www.redfin.com/VA/Alexandria/5110-Franconia-Rd-22310/home/9757173,BRIGHT MLS,VAFX2060918,N,Y,38.7865599,-77.1222721
PAST SALE,June-18-1992,Single Family Residential,2316 Windsor Rd,Alexandria,VA,22307,999000,4,3.0,BELLE HAVEN,2651,9600,1957,4,377,,Pending,,,https://www.redfin.com/VA/Alexandria/2316-Windsor-Rd-22307/home/9762364,BRIGHT MLS,VAFX2063712,N,Y,38.7820442,-77.0720286
MLS Listing,,Condo/Co-op,701 Swann Ave Unit ONE-504,Alexandria,VA,22301,997900,2,2.5,POTOMAC YARD,1639,,2022,326,609,864,Contingent,,,https://www.redfin.com/VA/Alexandria/701-Swann-Ave-22301/unit-ONE-504/home/175690180,BRIGHT MLS,VAAX2001456,N,Y,38.8293894,-77.0502802
PAST SALE,December-14-2000,Single Family Residential,204 Russell Rd,Alexandria,VA,22301,997500,3,2.0,ROSEMONT,2293,5600,1920,8,435,,Pending,,,https://www.redfin.com/VA/Alexandria/204-Russell-Rd-22301/home/11843132,BRIGHT MLS,VAAX2013356,N,Y,38.8098539,-77.0637093
PAST SALE,October-22-1992,Single Family Residential,2208 Fort Ward Pl,Alexandria,VA,22304,995000,5,3.5,BRADLEE HOMES,4171,9459,1979,6,239,,Pending,,,https://www.redfin.com/VA/Alexandria/2208-Fort-Ward-Pl-22304/home/11861898,BRIGHT MLS,VAAX2011670,N,Y,38.8311585,-77.0999951
MLS Listing,,Single Family Residential,120 E Maple St,Alexandria,VA,22301,995000,3,2.0,ROSEMONT PARK,1691,4400,1950,5,588,,Active,,,https://www.redfin.com/VA/Alexandria/120-E-Maple-St-22301/home/11843508,BRIGHT MLS,VAAX2013808,N,Y,38.8119454,-77.0569186
MLS Listing,,Condo/Co-op,737 Swann Ave Unit TWO-412,Alexandria,VA,22301,989900,2,2.5,POTOMAC YARD,1439,,2022,119,688,734,Contingent,,,https://www.redfin.com/VA/Alexandria/412-2nd-St-22314/unit-TWO-412/home/178492286,BRIGHT MLS,VAAX2009110,N,Y,38.8153218,-77.0418966
MLS Listing,,Townhouse,711 Carpenter Rd,Alexandria,VA,22314,985000,3,3.5,POTOMAC GREENS,1882,871,2006,17,523,165,Active,,,https://www.redfin.com/VA/Alexandria/711-Carpenter-Rd-22314/home/11878126,BRIGHT MLS,VAAX2013296,N,Y,38.8269061,-77.0448652
MLS Listing,,Townhouse,721 Carpenter Rd,Alexandria,VA,22314,985000,3,4.0,POTOMAC GREENS,1762,704,2006,17,559,165,Active,,,https://www.redfin.com/VA/Alexandria/721-Carpenter-Rd-22314/home/11878132,BRIGHT MLS,VAAX2013376,N,Y,38.8268755,-77.0452107
MLS Listing,,Single Family Residential,2301 Windsor Rd,Alexandria,VA,22307,980000,3,2.0,BELLE HAVEN,2042,12542,1958,25,480,,Contingent,,,https://www.redfin.com/VA/Alexandria/2301-Windsor-Rd-22307/home/9762316,BRIGHT MLS,VAFX2068134,N,Y,38.7806193,-77.0720511
MLS Listing,,Single Family Residential,4840 Chowan Ave,Alexandria,VA,22312,980000,5,4.0,WEYANOKE,4100,8250,2022,34,239,,Active,,,https://www.redfin.com/VA/Alexandria/4840-Chowan-Ave-22312/home/9724039,BRIGHT MLS,VAFX2065260,N,Y,38.8184925,-77.1521339
PAST SALE,February-3-2020,Single Family Residential,2107 Rampart Dr,Alexandria,VA,22308,979900,4,3.5,RIVERSIDE,3432,10501,1976,10,286,,Pending,,,https://www.redfin.com/VA/Alexandria/2107-Rampart-Dr-22308/home/9819562,BRIGHT MLS,VAFX2064594,N,Y,38.732694,-77.0677566
MLS Listing,,Single Family Residential,7214 Marine Dr,Alexandria,VA,22307,979000,4,2.0,MARLAN FOREST,2509,14216,1951,4,390,,Active,,,https://www.redfin.com/VA/Alexandria/7214-Marine-Dr-22307/home/9796093,BRIGHT MLS,VAFX2073944,N,Y,38.7595217,-77.0582003
MLS Listing,,Single Family Residential,2502 Lisbon Ln,Alexandria,VA,22306,979000,4,2.5,MILWAY MEADOWS,3144,13776,1968,3,311,,Active,,,https://www.redfin.com/VA/Alexandria/2502-Lisbon-Ln-22306/home/9795681,BRIGHT MLS,VAFX2074398,N,Y,38.753732,-77.0752662
MLS Listing,,Single Family Residential,2631 Childs Ln,Alexandria,VA,22308,979000,4,3.5,STRATFORD ON THE POTOMAC,3196,13573,1965,26,306,,Contingent,,,https://www.redfin.com/VA/Alexandria/2631-Childs-Ln-22308/home/9819128,BRIGHT MLS,VAFX2068972,N,Y,38.7285812,-77.0784588
MLS Listing,,Single Family Residential,2103 Stirrup Ln,Alexandria,VA,22308,975000,4,2.5,RIVERSIDE GARDENS,2277,10767,1965,25,428,,Active,,,https://www.redfin.com/VA/Alexandria/2103-Stirrup-Ln-22308/home/9818956,BRIGHT MLS,VAFX2068240,N,Y,38.7263459,-77.0667673
PAST SALE,February-29-2008,Townhouse,252 Murtha St,Alexandria,VA,22304,975000,4,4.5,CAMERON STATION,2503,2038,2001,5,390,137,Pending,,,https://www.redfin.com/VA/Alexandria/252-Murtha-St-22304/home/11874789,BRIGHT MLS,VAAX2013414,N,Y,38.8066032,-77.117617
MLS Listing,,Single Family Residential,3801 Taft Ave,Alexandria,VA,22304,975000,5,3.0,DELTA,2900,10000,1940,54,336,,Active,,,https://www.redfin.com/VA/Alexandria/3801-Taft-Ave-22304/home/11852970,BRIGHT MLS,VAAX2011646,N,Y,38.8122902,-77.095859
MLS Listing,,Single Family Residential,7816 Ridgecrest Dr,Alexandria,VA,22308,975000,4,3.0,WELLINGTON,2761,22470,1974,19,353,,Active,,,https://www.redfin.com/VA/Alexandria/7816-Ridgecrest-Dr-22308/home/9818357,BRIGHT MLS,VAFX2070432,N,Y,38.7446576,-77.0499476
MLS Listing,,Townhouse,1218 Main Line Blvd #102,Alexandria,VA,22301,975000,3,2.5,POTOMAC YARD,2761,,2015,4,353,256,Active,,,https://www.redfin.com/VA/Alexandria/1218-Main-Line-Blvd-22301/unit-102/home/102285265,BRIGHT MLS,VAAX2013862,N,Y,38.817791,-77.052146
MLS Listing,,Single Family Residential,403 Cambridge Rd,Alexandria,VA,22314,975000,3,2.5,COLLEGE PARK,2082,8053,1950,11,468,,Active,,,https://www.redfin.com/VA/Alexandria/403-Cambridge-Rd-22314/home/11850996,BRIGHT MLS,VAAX2012964,N,Y,38.8131561,-77.0809768
PAST SALE,April-29-2015,Single Family Residential,1102 Gladstone Pl,Alexandria,VA,22308,974000,3,4.5,COLLINGWOOD MANOR,2688,7500,1966,5,362,,Pending,,,https://www.redfin.com/VA/Alexandria/1102-Gladstone-Pl-22308/home/9818283,BRIGHT MLS,VAFX2064804,N,Y,38.7369185,-77.050892
MLS Listing,,Single Family Residential,4311 Louis Pl,Alexandria,VA,22304,974000,3,3.5,LES MAISONS,3354,9147,1976,24,290,,Active,,,https://www.redfin.com/VA/Alexandria/4311-Louis-Pl-22304/home/11858123,BRIGHT MLS,VAAX2013110,N,Y,38.8275074,-77.1043559
MLS Listing,,Townhouse,1905 Main Line Blvd #102,Alexandria,VA,22301,974000,3,2.5,POTOMAC YARD,2808,,2015,,347,256,Active,,,https://www.redfin.com/VA/Alexandria/1905-Main-Line-Blvd-22301/unit-102/home/76516990,BRIGHT MLS,VAAX2013448,N,Y,38.8238815,-77.0487894
MLS Listing,,Townhouse,1410 Main Line Blvd #102,Alexandria,VA,22301,970000,3,2.5,POTOMAC YARD,2837,,2013,3,342,88,Contingent,,,https://www.redfin.com/VA/Alexandria/1410-Main-Line-Blvd-22301/unit-102/home/44646550,BRIGHT MLS,VAAX2013964,N,Y,38.819042,-77.051235
PAST SALE,July-9-2013,Single Family Residential,2203 Nordok Pl,Alexandria,VA,22306,967500,5,3.0,KIRKSIDE,2656,15000,1964,11,364,,Pending,,,https://www.redfin.com/VA/Alexandria/2203-Nordok-Pl-22306/home/9817089,BRIGHT MLS,VAFX2064576,N,Y,38.7499744,-77.0690157
MLS Listing,,Townhouse,3 & 4 Potomac Ct,Alexandria,VA,22314,965000,2,2.5,OLD TOWN ALEXANDRIA,1304,1200,1790,39,740,,Contingent,,,https://www.redfin.com/VA/Alexandria/3-Potomac-Ct-22314/home/11842675,BRIGHT MLS,VAAX2012318,N,Y,38.8005799,-77.041852
PAST SALE,April-6-2005,Single Family Residential,1802 Cool Spring Dr,Alexandria,VA,22308,959000,5,3.5,COLLINGWOOD SPRINGS,2816,12285,1964,35,341,,Pending,,,https://www.redfin.com/VA/Alexandria/1802-Cool-Spring-Dr-22308/home/9819380,BRIGHT MLS,VAFX2059806,N,Y,38.7328334,-77.0621803
PAST SALE,March-6-2007,Single Family Residential,5622 Tower Hill Cir,Alexandria,VA,22315,957000,5,3.5,KINGSTOWNE,2746,5396,2003,2,349,108,Pending,,,https://www.redfin.com/VA/Alexandria/5622-Tower-Hill-Cir-22315/home/9841751,BRIGHT MLS,VAFX2056756,N,Y,38.7743834,-77.1308316
PAST SALE,June-26-1996,Single Family Residential,1063 N Pegram St,Alexandria,VA,22304,955000,6,3.0,BROOKVILLE,2504,8040,1956,7,381,,Pending,,,https://www.redfin.com/VA/Alexandria/1063-N-Pegram-St-22304/home/11854136,BRIGHT MLS,VAAX2012968,N,Y,38.8207463,-77.1186508
PAST SALE,October-15-2015,Single Family Residential,513 E Windsor Ave,Alexandria,VA,22301,950000,4,2.0,DEL RAY,1701,5750,1928,10,558,,Pending,,,https://www.redfin.com/VA/Alexandria/513-E-Windsor-Ave-22301/home/11844771,BRIGHT MLS,VAAX2012862,N,Y,38.8250471,-77.0512069
PAST SALE,April-1-1970,Single Family Residential,2504 E Randolph Ave,Alexandria,VA,22301,950000,3,1.5,ABINGDON,1450,4800,1930,4,655,,Pending,,,https://www.redfin.com/VA/Alexandria/2504-E-Randolph-Ave-22301/home/11844568,BRIGHT MLS,VAAX2013788,N,Y,38.8283033,-77.0540852
MLS Listing,,Single Family Residential,7304 Rippon Rd,Alexandria,VA,22307,950000,3,2.0,HOLLIN HILLS,1630,19146,1950,3,583,,Active,,,https://www.redfin.com/VA/Alexandria/7304-Rippon-Rd-22307/home/9796204,BRIGHT MLS,VAFX2072106,N,Y,38.7585144,-77.0601566
MLS Listing,,Condo/Co-op,312 S Washington St #201,Alexandria,VA,22314,950000,2,2.5,OLD TOWN ALEXANDRIA,1414,,2021,91,672,505,Contingent,,,https://www.redfin.com/VA/Alexandria/312-S-Washington-St-22314/unit-201/home/173960891,BRIGHT MLS,VAAX2010256,N,Y,38.8022764,-77.0472265
PAST SALE,December-2-1986,Single Family Residential,1803 Cool Spring Dr,Alexandria,VA,22308,950000,3,2.0,COLLINGWOOD SPRINGS,2370,20861,1964,14,401,,Pending,,,https://www.redfin.com/VA/Alexandria/1803-Cool-Spring-Dr-22308/home/9819382,BRIGHT MLS,VAFX2059428,N,Y,38.7323883,-77.0623377
MLS Listing,,Single Family Residential,4700 Merritt Rd,Alexandria,VA,22312,950000,5,4.0,AUTUMN GLEN,3184,13035,1954,4,298,,Active,,,https://www.redfin.com/VA/Alexandria/4700-Merritt-Rd-22312/home/9723044,BRIGHT MLS,VAFX2073352,N,Y,38.8224502,-77.1551896
MLS Listing,,Single Family Residential,1605 Baltimore Rd,Alexandria,VA,22308,950000,5,3.0,HOLLIN HALL VILLAGE,2236,10078,1952,26,425,,Contingent,,,https://www.redfin.com/VA/Alexandria/1605-Baltimore-Rd-22308/home/9817684,BRIGHT MLS,VAFX2068008,N,Y,38.743736,-77.0593021
MLS Listing,,Single Family Residential,6814 Morning Brook Ter,Alexandria,VA,22315,949900,4,3.5,HAWTHORNE,4364,3507,2003,17,218,98,Active,,,https://www.redfin.com/VA/Alexandria/6814-Morning-Brook-Ter-22315/home/9842061,BRIGHT MLS,VAFX2067418,N,Y,38.7451014,-77.1738799
MLS Listing,,Townhouse,452 Stabler Ln,Alexandria,VA,22304,949900,3,4.0,CAMERON PARK,2545,1103,2019,13,373,119,Active,June-11-2022 01:00 PM,June-11-2022 03:00 PM,https://www.redfin.com/VA/Alexandria/452-Stabler-Ln-22304/home/113546785,BRIGHT MLS,VAAX2013202,N,Y,38.8063742,-77.1284383
PAST SALE,October-1-1956,Single Family Residential,805 Enderby Dr,Alexandria,VA,22302,949900,4,3.0,BEVERLY HILLS,2478,7620,1940,5,383,,Pending,,,https://www.redfin.com/VA/Alexandria/805-Enderby-Dr-22302/home/11850163,BRIGHT MLS,VAAX2012812,N,Y,38.8343353,-77.074187
MLS Listing,,Single Family Residential,4301 Ivanhoe Pl,Alexandria,VA,22304,949900,3,3.0,SEMINARY HILL ESTATES,2744,14898,1962,18,346,,Active,,,https://www.redfin.com/VA/Alexandria/4301-Ivanhoe-Pl-22304/home/11853505,BRIGHT MLS,VAAX2013256,N,Y,38.8233259,-77.106671
PAST SALE,July-9-2001,Townhouse,247 Murtha St,Alexandria,VA,22304,947000,4,3.5,CAMERON STATION,2850,2024,2000,7,332,137,Pending,,,https://www.redfin.com/VA/Alexandria/247-Murtha-St-22304/home/11874815,BRIGHT MLS,VAAX2013112,N,Y,38.8069499,-77.1178417
MLS Listing,,Condo/Co-op,701 Swann Ave Unit ONE-111,Alexandria,VA,22301,934900,2,2.0,POTOMAC YARD,1480,,2022,43,632,864,Active,,,https://www.redfin.com/VA/Alexandria/701-Swann-Ave-22301/unit-ONE-111/home/179158957,BRIGHT MLS,VAAX2012154,N,Y,38.8293894,-77.0502802
MLS Listing,,Condo/Co-op,701 Swann Ave Unit ONE-301,Alexandria,VA,22301,932900,2,2.5,POTOMAC  YARDS,1439,,2022,313,648,734,Contingent,,,https://www.redfin.com/VA/Alexandria/701-Swann-Ave-22301/unit-ONE-301/home/175888638,BRIGHT MLS,VAAX2001958,N,Y,38.8293894,-77.0502802
MLS Listing,,Single Family Residential,1106 Tuckahoe Ln,Alexandria,VA,22302,930000,3,2.5,OVERLOOK TERRACE,2682,8468,1953,48,347,,Active,,,https://www.redfin.com/VA/Alexandria/1106-Tuckahoe-Ln-22302/home/11849466,BRIGHT MLS,VAAX2011916,N,Y,38.8198009,-77.0771548
MLS Listing,,Condo/Co-op,801 N Fairfax St #209,Alexandria,VA,22314,929900,2,2.0,OLD TOWN NORTH,1195,,2022,62,778,702,Active,,,https://www.redfin.com/VA/Alexandria/801-N-Fairfax-St-22314/unit-209/home/178959322,BRIGHT MLS,VAAX2011438,N,Y,38.8132409,-77.0404745
MLS Listing,,Single Family Residential,8814 Surrey Ct,Alexandria,VA,22309,929000,3,2.5,SURREY AT THE POTOMAC,2912,15428,1988,39,319,50,Contingent,,,https://www.redfin.com/VA/Alexandria/8814-Surrey-Ct-22309/home/9826736,BRIGHT MLS,VAFX2062812,N,Y,38.7179112,-77.0935211
PAST SALE,May-15-2003,Single Family Residential,7716 Stone Wheat Ct,Alexandria,VA,22315,927875,4,3.5,KINGSTOWNE,4366,6718,1997,17,213,108,Pending,,,https://www.redfin.com/VA/Alexandria/7716-Stone-Wheat-Ct-22315/home/9809436,BRIGHT MLS,VAFX2066044,N,Y,38.748611,-77.1623791
MLS Listing,,Townhouse,1202 Michigan Ct,Alexandria,VA,22314,925000,2,3.5,VIRGINIA VILLAGE,2016,681,1983,3,459,248,Active,,,https://www.redfin.com/VA/Alexandria/1202-Michigan-Ct-22314/home/11867060,BRIGHT MLS,VAAX2013782,N,Y,38.81793,-77.0455286
MLS Listing,,Single Family Residential,837 31st St S,Arlington,VA,22202,925000,4,3.0,OAKCREST,1985,6702,1961,33,466,,Contingent,,,https://www.redfin.com/VA/Arlington/837-31st-St-S-22202/home/11277051,BRIGHT MLS,VAAR2013820,N,Y,38.8456773,-77.061056
PAST SALE,June-21-2019,Single Family Residential,206 E Nelson Ave,Alexandria,VA,22301,925000,4,1.0,COTTAGE PARK,1310,5400,1925,4,706,,Pending,,,https://www.redfin.com/VA/Alexandria/206-E-Nelson-Ave-22301/home/11846328,BRIGHT MLS,VAAX2012562,N,Y,38.8196225,-77.0597968
MLS Listing,,Single Family Residential,8415 Alyce Pl,Alexandria,VA,22308,925000,3,3.5,COLLINGWOOD ON THE POTOM,1911,13880,1961,8,484,,Active,,,https://www.redfin.com/VA/Alexandria/8415-Alyce-Pl-22308/home/9820710,BRIGHT MLS,VAFX2073136,N,Y,38.7284363,-77.045225
MLS Listing,,Single Family Residential,6631 Tunlaw Ct,Alexandria,VA,22312,924500,5,5.0,OAK RUN PARK,4880,20050,1963,54,189,,Active,,,https://www.redfin.com/VA/Alexandria/6631-Tunlaw-Ct-22312/home/9722203,BRIGHT MLS,VAFX2061814,N,Y,38.816095,-77.1728482
MLS Listing,,Condo/Co-op,5904 Mount Eagle Dr Unit 807A,Alexandria,VA,22303,924500,4,3.0,MONTEBELLO CONDO,2545,,1986,57,363,1756,Contingent,,,https://www.redfin.com/VA/Alexandria/5904-Mount-Eagle-Dr-22303/unit-807A/home/178990440,BRIGHT MLS,VAFX2053506,N,Y,38.7883078,-77.0689033
MLS Listing,,Single Family Residential,5922 Jane Way,Alexandria,VA,22310,924000,4,3.5,BUSH HILL WOODS,3092,20000,1965,32,299,,Active,,,https://www.redfin.com/VA/Alexandria/5922-Jane-Way-22310/home/9757165,BRIGHT MLS,VAFX2067270,N,Y,38.7881718,-77.1208758
MLS Listing,,Condo/Co-op,1023 Royal #308,Alexandria,VA,22314,919000,2,2.5,ABINGDON ROW,1238,,2007,19,742,636,Active,,,https://www.redfin.com/VA/Alexandria/1023-N-Royal-St-22314/unit-308/home/21648839,BRIGHT MLS,VAAX2013186,N,Y,38.8153268,-77.0410282
PAST SALE,February-29-2012,Single Family Residential,2712 Sycamore St,Alexandria,VA,22305,900000,3,1.5,MOUNT IDA,1750,3700,1957,5,514,,Pending,,,https://www.redfin.com/VA/Alexandria/2712-Sycamore-St-22305/home/11846878,BRIGHT MLS,VAAX2012914,N,Y,38.8304334,-77.0641141
PAST SALE,December-7-2018,Townhouse,531 S Saint Asaph St,Alexandria,VA,22314,900000,3,2.5,TANNERY YARD,1260,826,1976,4,714,83,Pending,,,https://www.redfin.com/VA/Alexandria/531-S-St-Asaph-St-22314/home/11859016,BRIGHT MLS,VAAX2013480,N,Y,38.799811,-77.047511
MLS Listing,,Single Family Residential,6118 Bayliss Pl,Alexandria,VA,22310,899999,4,3.5,VILLAGES AT HUNTINGTON,2850,14370,1994,32,316,,Contingent,,,https://www.redfin.com/VA/Alexandria/6118-Bayliss-Pl-22310/home/9759870,BRIGHT MLS,VAFX2067408,N,Y,38.7846357,-77.084394
MLS Listing,,Single Family Residential,2506 Farm Rd,Alexandria,VA,22302,899950,3,2.5,BRADDOCK HEIGHTS,2184,5628,1938,25,412,,Contingent,,,https://www.redfin.com/VA/Alexandria/2506-Farm-Rd-22302/home/11849826,BRIGHT MLS,VAAX2012686,N,Y,38.8278374,-77.0767951
PAST SALE,January-27-2009,Single Family Residential,314 Moncure Dr,Alexandria,VA,22314,899950,5,2.5,GLENMORE,3382,8732,1951,15,266,,Pending,,,https://www.redfin.com/VA/Alexandria/314-Moncure-Dr-22314/home/11850636,BRIGHT MLS,VAAX2012404,N,Y,38.8114355,-77.0735125
PAST SALE,November-24-2021,Single Family Residential,309 Ashby St,Alexandria,VA,22305,899900,3,3.0,DEL RAY,1666,6300,1950,4,540,,Pending,,,https://www.redfin.com/VA/Alexandria/309-Ashby-St-22305/home/11844864,BRIGHT MLS,VAAX2013238,N,Y,38.8332009,-77.0558392
MLS Listing,,Single Family Residential,1806 Stirrup Ln,Alexandria,VA,22308,899900,4,2.5,RIVERSIDE GARDENS,2398,10504,1964,12,375,,Contingent,,,https://www.redfin.com/VA/Alexandria/1806-Stirrup-Ln-22308/home/9820928,BRIGHT MLS,VAFX2064040,N,Y,38.7255147,-77.0618655
MLS Listing,,Single Family Residential,2602 Commonwealth Ave,Alexandria,VA,22305,899900,3,2.0,MOUNT IDA,1760,1489,1910,22,511,,Active,,,https://www.redfin.com/VA/Alexandria/2602-Commonwealth-Ave-22305/home/11846972,BRIGHT MLS,VAAX2012854,N,Y,38.8285144,-77.0608874
PAST SALE,July-14-2014,Single Family Residential,2724 Hemlock Ave,Alexandria,VA,22305,899900,3,2.5,MOUNT IDA,1859,4000,1954,8,484,,Pending,,,https://www.redfin.com/VA/Alexandria/2724-Hemlock-Ave-22305/home/11846892,BRIGHT MLS,VAAX2012674,N,Y,38.8304442,-77.0632259
MLS Listing,,Single Family Residential,7027 Swain Dr,Alexandria,VA,22306,899900,5,4.5,VALLEY VIEW,3837,12508,2013,25,235,,Active,,,https://www.redfin.com/VA/Alexandria/7027-Swain-Dr-22306/home/49700415,BRIGHT MLS,VAFX2069204,N,Y,38.7645035,-77.085608
PAST SALE,December-15-2010,Townhouse,403 E Nelson Ave E Unit A,Alexandria,VA,22301,899900,3,3.5,POTOMAC MEWS,1667,2749,1989,4,540,,Pending,,,https://www.redfin.com/VA/Alexandria/403-E-Nelson-Ave-22301/unit-A/home/35623664,BRIGHT MLS,VAAX2012770,N,Y,38.8194804,-77.0570985
PAST SALE,October-10-1996,Townhouse,4 E Oxford Ave E,Alexandria,VA,22301,899900,3,2.5,DEL RAY,1476,3160,1974,12,610,,Pending,,,https://www.redfin.com/VA/Alexandria/4-E-Oxford-Ave-22301/home/11846536,BRIGHT MLS,VAAX2011924,N,Y,38.8268358,-77.061056
Redfin Data,,Townhouse,2881 Lowen Valley Rd,Alexandria,VA,22303,899900,3,4.0,Alexandria,2639,1298,2019,4,341,200,Pre On-Market,,,https://www.redfin.com/VA/Alexandria/2881-Lowen-Valley-Rd-22303/home/167776913,Coming Soon,85647,N,Y,38.7827993,-77.0815501
PAST SALE,June-28-1990,Single Family Residential,2232 Glasgow Rd,Alexandria,VA,22307,899900,4,2.0,HOLLIN HILLS,2328,17121,1953,5,387,,Pending,,,https://www.redfin.com/VA/Alexandria/2232-Glasgow-Rd-22307/home/9795290,BRIGHT MLS,VAFX2068690,N,Y,38.7606592,-77.0696003
MLS Listing,,Single Family Residential,803 Russell Rd,Alexandria,VA,22301,899500,5,4.5,TEMPLE PARK,3803,5304,,74,237,,Active,,,https://www.redfin.com/VA/Alexandria/803-Russell-Rd-22301/home/11845949,BRIGHT MLS,VAAX2010130,N,Y,38.8142954,-77.0649685
MLS Listing,,Single Family Residential,7110 Marine Dr,Alexandria,VA,22307,899000,4,3.0,MARLAN FOREST,2794,12864,1953,5,322,,Active,,,https://www.redfin.com/VA/Alexandria/7110-Marine-Dr-22307/home/9796123,BRIGHT MLS,VAFX2072766,N,Y,38.7624902,-77.0575932
PAST SALE,December-29-2017,Townhouse,131 Cambria Walk,Alexandria,VA,22304,899000,5,4.5,OAKLAND HALL,2564,,2017,19,351,229,Pending,,,https://www.redfin.com/VA/Alexandria/131-Cambria-Walk-22304/home/113546804,BRIGHT MLS,VAAX2011614,N,Y,38.8098029,-77.1215363
MLS Listing,,Single Family Residential,1712 Oakcrest Dr,Alexandria,VA,22302,899000,4,3.0,DYES OAKCREST,1900,4700,1953,18,473,,Active,,,https://www.redfin.com/VA/Alexandria/1712-Oakcrest-Dr-22302/home/11852026,BRIGHT MLS,VAAX2013126,N,Y,38.8315816,-77.0836746
MLS Listing,,Single Family Residential,8617 Highgate Rd,Alexandria,VA,22308,899000,4,3.0,STRATFORD LANDING,2524,11745,1963,12,356,,Active,,,https://www.redfin.com/VA/Alexandria/8617-Highgate-Rd-22308/home/9818695,BRIGHT MLS,VAFX2070584,N,Y,38.7225818,-77.0732202
MLS Listing,,Single Family Residential,4323 Adrienne Dr,Alexandria,VA,22309,899000,5,2.5,SOUTHWOOD,2704,14012,1969,4,332,,Active,,,https://www.redfin.com/VA/Alexandria/4323-Adrienne-Dr-22309/home/9825853,BRIGHT MLS,VAFX2073540,N,Y,38.7126169,-77.1083681
PAST SALE,May-22-2008,Single Family Residential,9412 Forest Haven Dr,Alexandria,VA,22309,899000,4,3.0,YACHT HAVEN ESTATES,3329,23605,1955,12,270,,Pending,,,https://www.redfin.com/VA/Alexandria/9412-Forest-Haven-Dr-22309/home/9827055,BRIGHT MLS,VAFX2067070,N,Y,38.7031537,-77.1131218
MLS Listing,,Condo/Co-op,610 N West St #604,Alexandria,VA,22314,899000,2,2.0,COLECROFT,1547,,1987,4,581,778,Active,,,https://www.redfin.com/VA/Alexandria/610-N-West-St-22314/unit-604/home/11870633,BRIGHT MLS,VAAX2013538,N,Y,38.8119813,-77.0538379
MLS Listing,,Townhouse,123 N Peyton St,Alexandria,VA,22314,899000,3,1.5,1101 KING ST,1496,1871,1943,24,601,,Contingent,,,https://www.redfin.com/VA/Alexandria/123-N-Peyton-St-22314/home/11839693,BRIGHT MLS,VAAX2012152,N,Y,38.8068319,-77.0553101
PAST SALE,July-28-1993,Single Family Residential,3011 Cunningham Dr,Alexandria,VA,22309,899000,5,2.5,WESSYNTON,3500,18561,1968,3,257,75,Pending,,,https://www.redfin.com/VA/Alexandria/3011-Cunningham-Dr-22309/home/9828153,BRIGHT MLS,VAFX2068096,N,Y,38.7186585,-77.081314
MLS Listing,,Condo/Co-op,1201 N Royal St #203,Alexandria,VA,22314,898000,1,2.0,Alexandria,952,,2021,578,943,901,Active,,,https://www.redfin.com/VA/Alexandria/1201-N-Royal-St-22314/unit-203/home/175714539,BRIGHT MLS,VAAX253008,N,Y,38.8174228,-77.0403898
New Construction Plan,,Condo/Co-op,Residence B2,Alexandria,VA,22314,898000,1,2.0,Muse Old Town,952,,,,943,,Active,,,https://www.redfin.com/VA/Alexandria/Muse-Old-Town/Residence-B2/home/174327240,NewHomeSource.com,Plan-191825652,N,Y,38.816544,-77.0396838
PAST SALE,April-16-2018,Single Family Residential,6051 Shaffer Dr,Alexandria,VA,22310,895000,4,3.0,VILLAGES AT HUNTINGTON,2962,8819,1994,23,302,,Pending,,,https://www.redfin.com/VA/Alexandria/6051-Shaffer-Dr-22310/home/9763864,BRIGHT MLS,VAFX2067452,N,Y,38.784521382,-77.08203881
PAST SALE,June-27-2005,Single Family Residential,8318 Woodacre St,Alexandria,VA,22308,895000,5,3.5,COLLINGWOOD SPRINGS,2831,10517,1964,3,316,,Pending,,,https://www.redfin.com/VA/Alexandria/8318-Woodacre-St-22308/home/9820984,BRIGHT MLS,VAFX2059594,N,Y,38.7328632,-77.0606513
MLS Listing,,Townhouse,3447 25th Ct S,Arlington,VA,22206,890000,3,3.0,BOWMANS HILL,2200,2530,2007,33,405,82,Active,,,https://www.redfin.com/VA/Arlington/3447-25th-Ct-S-22206/home/11282177,BRIGHT MLS,VAAR2016036,N,Y,38.8458287,-77.0842591
PAST SALE,,Townhouse,2824 Red Star Ln,Alexandria,VA,22303,888000,4,4.0,PENN DAW TOWNHOUSES,3050,1540,2019,35,291,200,Pending,,,https://www.redfin.com/VA/Alexandria/2824-Red-Star-Ln-22303/home/167776898,BRIGHT MLS,VAFX2061078,N,Y,38.783155,-77.080976
MLS Listing,,Single Family Residential,21 E Braddock Rd,Alexandria,VA,22301,885000,3,2.0,ROSEMONT PARK,1624,3650,1930,4,545,,Active,,,https://www.redfin.com/VA/Alexandria/21-E-Braddock-Rd-22301/home/11845901,BRIGHT MLS,VAAX2013846,N,Y,38.8153683,-77.0605614
PAST SALE,October-29-1975,Townhouse,1614 Commonwealth Ave,Alexandria,VA,22301,885000,3,3.0,Alexandria,2093,1568,1969,1,423,,Pending,,,https://www.redfin.com/VA/Alexandria/1614-Commonwealth-Ave-22301/home/11846231,BRIGHT MLS,VAAX2013640,N,Y,38.8207042,-77.0633496
MLS Listing,,Condo/Co-op,1600 Prince St #600,Alexandria,VA,22314,885000,3,2.0,1600 PRINCE STREET,1635,,1982,5,541,508,Contingent,,,https://www.redfin.com/VA/Alexandria/1600-Prince-St-22314/unit-600/home/11867040,BRIGHT MLS,VAAX2013206,N,Y,38.8050253,-77.0573908
New Construction Plan,,Townhouse,Stevenson,Alexandria,VA,22312,884900,3,2.0,Bren Pointe,2763,,,,320,,Active,,,https://www.redfin.com/VA/Alexandria/Bren-Pointe/Stevenson/home/177539342,NewHomeSource.com,Plan-191895940,N,Y,38.8050212,-77.1436754
MLS Listing,,Townhouse,1737 Belle Haven Rd,Alexandria,VA,22307,879000,4,3.5,OLDE BELHAVEN TOWNE,2205,2812,1965,11,399,48,Active,,,https://www.redfin.com/VA/Alexandria/1737-Belle-Haven-Rd-22307/home/9764076,BRIGHT MLS,VAFX2070726,N,Y,38.7807109,-77.062087
MLS Listing,,Single Family Residential,1010 Neal Dr,Alexandria,VA,22308,879000,4,3.0,COLLINGWOOD ON THE POTOM,2491,15616,1962,88,353,,Active,,,https://www.redfin.com/VA/Alexandria/1010-Neal-Dr-22308/home/9820631,BRIGHT MLS,VAFX2054980,N,Y,38.7293538,-77.0501724
MLS Listing,,Single Family Residential,6161 Foxcroft Rd,Alexandria,VA,22307,875000,3,2.5,BELLE HAVEN,3238,10915,1963,6,270,,Contingent,,,https://www.redfin.com/VA/Alexandria/6161-Foxcroft-Rd-22307/home/9762247,BRIGHT MLS,VAFX2070042,N,Y,38.783715,-77.0697156
MLS Listing,,Townhouse,1927 Richmond Hwy,Alexandria,VA,22301,875000,3,2.5,POTOMAC YARD,1860,,2015,17,470,256,Contingent,,,https://www.redfin.com/VA/Alexandria/1927-Richmond-Hwy-22301/home/113546529,BRIGHT MLS,VAAX2013380,N,Y,38.824136,-77.049784
MLS Listing,,Single Family Residential,7106 Colgate Dr,Alexandria,VA,22307,875000,5,3.0,HOLLIN GLEN,2400,8480,1969,39,365,,Contingent,,,https://www.redfin.com/VA/Alexandria/7106-Colgate-Dr-22307/home/9795714,BRIGHT MLS,VAFX2062922,N,Y,38.7632367,-77.064249
MLS Listing,,Single Family Residential,6029 Shaffer Dr,Alexandria,VA,22310,875000,5,3.5,WILTON HALL,3160,13198,1970,5,277,,Active,,,https://www.redfin.com/VA/Alexandria/6029-Shaffer-Dr-22310/home/9759403,BRIGHT MLS,VAFX2069774,N,Y,38.7859323,-77.0841242
MLS Listing,,Single Family Residential,836-A 31st St S,Arlington,VA,22202,875000,3,2.0,OAKCREST,1850,6011,1960,5,473,,Active,,,https://www.redfin.com/VA/Arlington/836-31st-St-S-22202/unit-A/home/11277063,BRIGHT MLS,VAAR2017512,N,Y,38.84511,-77.061667
MLS Listing,,Townhouse,501 E Nelson Ave,Alexandria,VA,22301,875000,2,2.5,LINDEN GARDENS,1356,4491,1939,10,645,,Active,,,https://www.redfin.com/VA/Alexandria/501-E-Nelson-Ave-22301/home/11844129,BRIGHT MLS,VAAX2013644,N,Y,38.8196298,-77.0548591
For-Sale-by-Owner Listing,,Single Family Residential,4105 Colonial Ave,Alexandria,VA,22309,874999,6,4.0,Alexandria,3646,,1950,58,240,,Active,,,https://www.redfin.com/VA/Alexandria/4105-Colonial-Ave-22309/home/9826228,FSBO.com,529999,N,Y,38.7195603,-77.1028723
PAST SALE,April-21-2017,Townhouse,2404 Gretter Pl,Alexandria,VA,22311,874900,3,3.5,STONEGATE,2996,2376,1999,3,292,129,Pending,,,https://www.redfin.com/VA/Alexandria/2404-Gretter-Pl-22311/home/11875287,BRIGHT MLS,VAAX2012790,N,Y,38.8326361,-77.1099751
MLS Listing,,Townhouse,2867 Hokie Ln,Alexandria,VA,22306,871564,4,4.0,NORTH HILL,2558,3000,2022,66,341,112,Active,,,https://www.redfin.com/VA/Community/2867-Hokie-Ln-22306/home/178937296,BRIGHT MLS,VAFX2059786,N,Y,38.759483,-77.082101
MLS Listing,,Townhouse,2805 Mosby St,Alexandria,VA,22305,870000,4,2.0,WARWICK VILLAGE,1653,2870,1955,91,526,,Active,,,https://www.redfin.com/VA/Alexandria/2805-Mosby-St-22305/home/11847523,BRIGHT MLS,VAAX2008866,N,Y,38.831224,-77.064239
MLS Listing,,Single Family Residential,8002 Hamilton Ln,Alexandria,VA,22308,867000,3,3.0,HOLLIN HALL VILLAGE,1524,9857,1950,18,569,,Active,,,https://www.redfin.com/VA/Alexandria/8002-Hamilton-Ln-22308/home/9817652,BRIGHT MLS,VAFX2070878,N,Y,38.7408241,-77.0588074
MLS Listing,,Single Family Residential,5836 Valley View Dr,Alexandria,VA,22310,865000,5,3.0,CRIST SUBDIVISION,2256,15096,1986,3,383,,Active,,,https://www.redfin.com/VA/Alexandria/5836-Valley-View-Dr-22310/home/9752873,BRIGHT MLS,VAFX2069302,N,Y,38.7909564,-77.1516171
MLS Listing,,Townhouse,2841 Hokie Ln,Alexandria,VA,22306,864925,4,4.0,NORTH HILL,2558,3000,,30,338,112,Active,,,https://www.redfin.com/VA/Community/2841-Hokie-Ln-22306/home/179312787,BRIGHT MLS,VAFX2068000,N,Y,38.759483,-77.082101
MLS Listing,,Single Family Residential,807 E Timber Branch Pkwy,Alexandria,VA,22302,860000,4,3.0,TIMBER BRNCH TEMPLE TERR,2557,7387,1959,18,336,,Contingent,,,https://www.redfin.com/VA/Alexandria/807-E-Timber-Branch-Pkwy-22302/home/11849715,BRIGHT MLS,VAAX2013276,N,Y,38.8227942,-77.0758957
New Construction Plan,,Townhouse,Quaker,Alexandria,VA,22312,859900,3,2.0,Bren Pointe,2237,,,,384,,Active,,,https://www.redfin.com/VA/Alexandria/Bren-Pointe/Quaker/home/177068569,NewHomeSource.com,Plan-191895939,N,Y,38.8050212,-77.1436754
MLS Listing,,Condo/Co-op,635 Slaters Ln #407,Alexandria,VA,22314,859900,2,2.0,LAND OF TOWNGATE,1266,,1986,49,679,550,Active,,,https://www.redfin.com/VA/Alexandria/635-Slaters-Ln-22314/unit-407/home/179097119,BRIGHT MLS,VAAX2011942,N,Y,38.8227587,-77.0428187
PAST SALE,December-12-2013,Townhouse,3305 Kemper Rd,Arlington,VA,22206,859500,3,3.5,SHIRLINGTON CREST,2480,930,2009,21,347,135,Pending,,,https://www.redfin.com/VA/Arlington/3305-Kemper-Rd-22206/home/28680657,BRIGHT MLS,VAAR2016518,N,Y,38.845175,-77.084801
MLS Listing,,Single Family Residential,8421 Crossley,Alexandria,VA,22308,850000,5,2.5,WAYNEWOOD,2286,10576,1961,19,372,,Contingent,,,https://www.redfin.com/VA/Alexandria/8421-Crossley-Pl-22308/home/9820424,BRIGHT MLS,VAFX2066506,N,Y,38.7272586,-77.0566038
PAST SALE,June-9-2014,Townhouse,1002 N Columbus St,Alexandria,VA,22314,849900,3,1.5,WESTOVER,1550,2326,1925,17,548,,Pending,,,https://www.redfin.com/VA/Alexandria/1002-N-Columbus-St-22314/home/11859041,BRIGHT MLS,VAAX2012832,N,Y,38.815668,-77.04611
MLS Listing,,Townhouse,1052 N Royal St,Alexandria,VA,22314,849900,2,2.5,WATERGATE OF ALEXANDRIA,1580,,1977,19,538,662,Active,,,https://www.redfin.com/VA/Alexandria/1052-N-Royal-St-22314/home/11860162,BRIGHT MLS,VAAX2013188,N,Y,38.815251,-77.041931
PAST SALE,August-27-2004,Townhouse,329-A Clifford Ave,Alexandria,VA,22305,849900,3,2.5,ST ELMO,1504,1982,1925,3,565,,Pending,,,https://www.redfin.com/VA/Alexandria/329a-Clifford-Ave-22305/home/143501915,BRIGHT MLS,VAAX2013244,N,Y,38.831919,-77.0537255
MLS Listing,,Townhouse,4640 Kirkland Pl,Alexandria,VA,22311,849900,3,3.0,STONEGATE,2424,2138,1996,17,351,124,Contingent,,,https://www.redfin.com/VA/Alexandria/4640-Kirkland-Pl-22311/home/11872784,BRIGHT MLS,VAAX2013372,N,Y,38.8336168,-77.1094919
MLS Listing,,Condo/Co-op,635 Slaters Ln #107,Alexandria,VA,22314,849900,2,2.0,LAND OF TOWNGATE,1408,,1986,48,604,550,Contingent,,,https://www.redfin.com/VA/Alexandria/635-Slaters-Ln-22314/unit-107/home/179101231,BRIGHT MLS,VAAX2011922,N,Y,38.8227587,-77.0428187
MLS Listing,,Single Family Residential,710 N Patrick St,Alexandria,VA,22314,849700,3,2.0,OLD TOWN ALEXANDRIA,1590,2168,1996,91,534,,Active,,,https://www.redfin.com/VA/Alexandria/710-N-Patrick-St-22314/home/11840366,BRIGHT MLS,VAAX2009620,N,Y,38.8127106,-77.0489693
MLS Listing,,Townhouse,16 E Monroe Ave Unit A,Alexandria,VA,22301,849000,3,2.0,NW ALEXANDRIA IMPR CO,1377,3375,1940,19,617,,Active,,,https://www.redfin.com/VA/Alexandria/16-E-Monroe-Ave-22301/unit-A/home/28607228,BRIGHT MLS,VAAX2013060,N,Y,38.820372,-77.0618206
PAST SALE,April-20-2001,Single Family Residential,8602 Pilgrim Ct,Alexandria,VA,22308,848500,4,2.5,FORT HUNT MANOR,2248,10946,1971,4,377,,Pending,,,https://www.redfin.com/VA/Alexandria/8602-Pilgrim-Ct-22308/home/9821003,BRIGHT MLS,VAFX2065198,N,Y,38.7235529,-77.0619555
MLS Listing,,Townhouse,2415 Gorgas Pl,Alexandria,VA,22311,845000,3,3.5,STONEGATE,2205,2925,1998,13,383,129,Contingent,,,https://www.redfin.com/VA/Alexandria/2415-Gorgas-Pl-22311/home/11872814,BRIGHT MLS,VAAX2013064,N,Y,38.8329325,-77.1097504
MLS Listing,,Single Family Residential,5402 Waycross Dr,Alexandria,VA,22310,840000,4,2.5,BUSH HILL WOODS,2132,10599,1970,32,394,,Active,,,https://www.redfin.com/VA/Alexandria/5402-Waycross-Dr-22310/home/9751735,BRIGHT MLS,VAFX2063196,N,Y,38.7919527,-77.127191
PAST SALE,March-29-2012,Townhouse,821 Green St,Alexandria,VA,22314,840000,3,2.5,HUNTING CREEK HOMES,1954,3352,1940,4,430,,Pending,,,https://www.redfin.com/VA/Alexandria/821-Green-St-22314/home/11862066,BRIGHT MLS,VAAX2012852,N,Y,38.7963171,-77.050892
PAST SALE,June-2-2014,Townhouse,107 Commonwealth Ave,Alexandria,VA,22301,840000,2,2.0,ROSEMONT,1235,2299,1940,14,680,,Pending,,,https://www.redfin.com/VA/Alexandria/107-Commonwealth-Ave-22301/home/11843353,BRIGHT MLS,VAAX2012180,N,Y,38.8092632,-77.0603252
PAST SALE,December-11-2019,Single Family Residential,6803 Lamp Post Ln,Alexandria,VA,22306,835000,4,3.0,STONEYBROOKE,3589,11185,1973,7,233,,Pending,,,https://www.redfin.com/VA/Alexandria/6803-Lamp-Post-Ln-22306/home/9790112,BRIGHT MLS,VAFX2070304,N,Y,38.7692604,-77.0968481
PAST SALE,June-25-1990,Townhouse,5206 Cottingham Pl,Alexandria,VA,22304,830000,3,4.0,LANDMARK MEWS,2945,2208,1983,1,282,165,Pending,,,https://www.redfin.com/VA/Alexandria/5206-Cottingham-Pl-22304/home/9724936,BRIGHT MLS,VAFX2060696,N,Y,38.8113219,-77.145538
MLS Listing,,Townhouse,1912 Duffield Ln,Alexandria,VA,22307,829000,4,3.5,BELLE HAVEN ON THE GREEN,2287,3132,1986,18,362,145,Active,,,https://www.redfin.com/VA/Alexandria/1912-Duffield-Ln-22307/home/9763844,BRIGHT MLS,VAFX2062510,N,Y,38.7890369,-77.0633945
New Construction Plan,,Townhouse,Kempton IV,Alexandria,VA,22306,828990,5,4.5,North Hill,2558,,,,324,,Active,,,https://www.redfin.com/VA/Alexandria/North-Hill/Kempton-IV/home/178785641,NewHomeSource.com,Plan-191931295,N,Y,38.759468,-77.082101
MLS Listing,,Townhouse,05 Mountaineer Dr,Alexandria,VA,22306,828990,5,4.5,NORTH HILL,2558,3000,2021,184,324,112,Active,,,https://www.redfin.com/VA/Alexandria/05-Mountaineer-DR-22306/home/177496450,BRIGHT MLS,VAFX2026746,N,Y,38.75907592,-77.08256131
PAST SALE,July-1-2016,Single Family Residential,4208 Pickering Pl,Alexandria,VA,22309,825000,4,2.5,SOUTHWOOD,2100,14012,1969,25,393,,Pending,,,https://www.redfin.com/VA/Alexandria/4208-Pickering-Pl-22309/home/9825894,BRIGHT MLS,VAFX2068946,N,Y,38.7135924,-77.1056596
PAST SALE,June-17-2019,Single Family Residential,6305 Seventh St,Alexandria,VA,22312,825000,4,3.0,LINCOLNIA PARK,2035,22806,1950,6,405,,Pending,,,https://www.redfin.com/VA/Alexandria/6305-7th-St-22312/home/9724129,BRIGHT MLS,VAFX2054132,N,Y,38.8152729,-77.1495724
MLS Listing,,Single Family Residential,3133 S Glebe Rd,Arlington,VA,22202,825000,2,2.0,OAKCREST,1026,7354,1938,14,804,,Active,,,https://www.redfin.com/VA/Arlington/3133-S-Glebe-Rd-22202/home/11277077,BRIGHT MLS,VAAR2017284,N,Y,38.845886,-77.063471
MLS Listing,,Townhouse,102 E Glendale Ave,Alexandria,VA,22301,825000,3,2.0,BRENTON,1458,2500,1954,3,566,,Active,,,https://www.redfin.com/VA/Alexandria/102-E-Glendale-Ave-22301/home/11845793,BRIGHT MLS,VAAX2013694,N,Y,38.817079,-77.061155
PAST SALE,June-30-2016,Townhouse,21 Myrtle St E Unit A,Alexandria,VA,22301,825000,2,2.0,DEL RAY/ROSEMONT,1383,2500,1940,7,597,,Pending,,,https://www.redfin.com/VA/Alexandria/21-E-Myrtle-St-22301/unit-A/home/22667988,BRIGHT MLS,VAAX2012872,N,Y,38.814822,-77.06053
MLS Listing,,Single Family Residential,6263 Gentle Ln,Alexandria,VA,22310,825000,4,2.5,KINGS LANDING,1952,8400,1984,5,423,9,Active,,,https://www.redfin.com/VA/Alexandria/6263-Gentle-Ln-22310/home/9759644,BRIGHT MLS,VAFX2070382,N,Y,38.7802936,-77.087991
MLS Listing,,Condo/Co-op,2181 Jamieson Ave Unit 1902-2002,Alexandria,VA,22314,825000,3,3.5,CARLYLE TOWERS,1740,,2001,65,474,1049,Active,,,https://www.redfin.com/VA/Alexandria/2181-Jamieson-Ave-22314/home/17062029,BRIGHT MLS,VAAX2011222,N,Y,38.8029799,-77.0671046
MLS Listing,,Townhouse,5315 Jesmond St,Alexandria,VA,22315,825000,3,2.5,KINGSTOWNE SEC 45 SEC 47,2172,2814,1998,47,380,108,Contingent,,,https://www.redfin.com/VA/Alexandria/5315-Jesmond-St-22315/home/9783649,BRIGHT MLS,VAFX2056580,N,Y,38.7749939,-77.1264564
MLS Listing,,Condo/Co-op,400 Madison St #1604,Alexandria,VA,22314,825000,2,2.0,ALEXANDRIA HOUSE,1298,,1975,18,636,1363,Contingent,,,https://www.redfin.com/VA/Alexandria/400-Madison-St-22314/unit-1604/home/11841886,BRIGHT MLS,VAAX2012776,N,Y,38.8124313,-77.0424589
MLS Listing,,Single Family Residential,7300 Hollyford Ln,Alexandria,VA,22315,824999,4,3.5,KINGSTOWNE,1842,7187,1994,4,448,108,Active,,,https://www.redfin.com/VA/Alexandria/7300-Hollyford-Ln-22315/home/9786019,BRIGHT MLS,VAFX2071054,N,Y,38.7584424,-77.1563579
MLS Listing,,Townhouse,5126 Knapp Pl,Alexandria,VA,22304,824999,3,3.5,CAMERON STATION,2440,1090,2001,33,338,137,Active,,,https://www.redfin.com/VA/Alexandria/5126-Knapp-Pl-22304/home/11875206,BRIGHT MLS,VAAX2012340,N,Y,38.8064078,-77.1211775
MLS Listing,,Condo/Co-op,701 Swann Ave Unit TWO-110,Alexandria,VA,22301,822900,2,2.0,POTOMAC YARD,1224,,2022,45,672,630,Active,,,https://www.redfin.com/VA/Alexandria/701-Swann-Ave-22301/unit-TWO-110/home/179142713,BRIGHT MLS,VAAX2012112,N,Y,38.8293894,-77.0502802
